"","counts","genome"
"1","QV15_00005","QV15_00005"
"2","QV15_00010","QV15_00010"
"3","QV15_00015","QV15_00015"
"4","QV15_00020","QV15_00020"
"5","gyrB","QV15_00025"
"6","QV15_00030","QV15_00030"
"7","QV15_00035","QV15_00035"
"8","QV15_00040","QV15_00040"
"9","QV15_00045","QV15_00045"
"10","QV15_00050","QV15_00050"
"11","QV15_00055","QV15_00055"
"12","QV15_00060","QV15_00060"
"13","QV15_00065","QV15_00065"
"14","QV15_00070","QV15_00070"
"15","QV15_00075","QV15_00075"
"16","QV15_00080","QV15_00080"
"17","QV15_00085","QV15_00085"
"18","QV15_00100","QV15_00100"
"19","QV15_00105","QV15_00105"
"20","QV15_00110","QV15_00110"
"21","QV15_00115","QV15_00115"
"22","QV15_00120","QV15_00120"
"23","QV15_00125","QV15_00125"
"24","QV15_00130","QV15_00130"
"25","QV15_00135","QV15_00135"
"26","QV15_00140","QV15_00140"
"27","QV15_00145","QV15_00145"
"28","QV15_00150","QV15_00150"
"29","QV15_00155","QV15_00155"
"30","QV15_00160","QV15_00160"
"31","QV15_00165","QV15_00165"
"32","QV15_00170","QV15_00170"
"33","QV15_00175","QV15_00175"
"34","QV15_00180","QV15_00180"
"35","QV15_00185","QV15_00185"
"36","QV15_00190","QV15_00190"
"37","QV15_00195","QV15_00195"
"38","QV15_00200","QV15_00200"
"39","QV15_00205","QV15_00205"
"40","QV15_00210","QV15_00210"
"41","QV15_00215","QV15_00215"
"42","QV15_00225","QV15_00225"
"43","QV15_00230","QV15_00230"
"44","QV15_00235","QV15_00235"
"45","QV15_00240","QV15_00240"
"46","QV15_00245","QV15_00245"
"47","QV15_00250","QV15_00250"
"48","QV15_00255","QV15_00255"
"49","QV15_00260","QV15_00260"
"50","QV15_00265","QV15_00265"
"51","QV15_00270","QV15_00270"
"52","QV15_00275","QV15_00275"
"53","QV15_00280","QV15_00280"
"54","QV15_00285","QV15_00285"
"55","QV15_00290","QV15_00290"
"56","QV15_00295","QV15_00295"
"57","QV15_00300","QV15_00300"
"58","QV15_00305","QV15_00305"
"59","QV15_00310","QV15_00310"
"60","QV15_00315","QV15_00315"
"61","QV15_00320","QV15_00320"
"62","QV15_00325","QV15_00325"
"63","QV15_00330","QV15_00330"
"64","QV15_00335","QV15_00335"
"65","QV15_00340","QV15_00340"
"66","QV15_00345","QV15_00345"
"67","QV15_00350","QV15_00350"
"68","QV15_00355","QV15_00355"
"69","QV15_00360","QV15_00360"
"70","QV15_00365","QV15_00365"
"71","QV15_00370","QV15_00370"
"72","QV15_00380","QV15_00380"
"73","QV15_00385","QV15_00385"
"74","QV15_00390","QV15_00390"
"75","QV15_00395","QV15_00395"
"76","QV15_00400","QV15_00400"
"77","QV15_00405","QV15_00405"
"78","QV15_00410","QV15_00410"
"79","QV15_00415","QV15_00415"
"80","QV15_00420","QV15_00420"
"81","QV15_00425","QV15_00425"
"82","QV15_00430","QV15_00430"
"83","QV15_00435","QV15_00435"
"84","QV15_00440","QV15_00440"
"85","QV15_00445","QV15_00445"
"86","QV15_00450","QV15_00450"
"87","QV15_00455","QV15_00455"
"88","QV15_00460","QV15_00460"
"89","QV15_00465","QV15_00465"
"90","QV15_00470","QV15_00470"
"91","QV15_00475","QV15_00475"
"92","QV15_00480","QV15_00480"
"93","QV15_00485","QV15_00485"
"94","QV15_00490","QV15_00490"
"95","QV15_00495","QV15_00495"
"96","QV15_00500","QV15_00500"
"97","QV15_00505","QV15_00505"
"98","QV15_00510","QV15_00510"
"99","QV15_00515","QV15_00515"
"100","QV15_00520","QV15_00520"
"101","QV15_00525","QV15_00525"
"102","QV15_00530","QV15_00530"
"103","QV15_00535","QV15_00535"
"104","QV15_00540","QV15_00540"
"105","QV15_00545","QV15_00545"
"106","QV15_00550","QV15_00550"
"107","QV15_00555","QV15_00555"
"108","QV15_00560","QV15_00560"
"109","QV15_00565","QV15_00565"
"110","QV15_00570","QV15_00570"
"111","QV15_00575","QV15_00575"
"112","QV15_00580","QV15_00580"
"113","QV15_00585","QV15_00585"
"114","QV15_00590","QV15_00590"
"115","QV15_00595","QV15_00595"
"116","QV15_00600","QV15_00600"
"117","QV15_00605","QV15_00605"
"118","QV15_00610","QV15_00610"
"119","QV15_00615","QV15_00615"
"120","QV15_00620","QV15_00620"
"121","QV15_00625","QV15_00625"
"122","QV15_00630","QV15_00630"
"123","QV15_00635","QV15_00635"
"124","QV15_00640","QV15_00640"
"125","QV15_00645","QV15_00645"
"126","QV15_00650","QV15_00650"
"127","QV15_00655","QV15_00655"
"128","argC","QV15_00660"
"129","QV15_00665","QV15_00665"
"130","QV15_00670","QV15_00670"
"131","QV15_00680","QV15_00680"
"132","QV15_00685","QV15_00685"
"133","QV15_00690","QV15_00690"
"134","QV15_00695","QV15_00695"
"135","QV15_00705","QV15_00705"
"136","QV15_00710","QV15_00710"
"137","QV15_00715","QV15_00715"
"138","QV15_00720","QV15_00720"
"139","QV15_00725","QV15_00725"
"140","QV15_00730","QV15_00730"
"141","QV15_00735","QV15_00735"
"142","QV15_00740","QV15_00740"
"143","QV15_00745","QV15_00745"
"144","QV15_00750","QV15_00750"
"145","QV15_00755","QV15_00755"
"146","QV15_00760","QV15_00760"
"147","QV15_00765","QV15_00765"
"148","QV15_00770","QV15_00770"
"149","QV15_00775","QV15_00775"
"150","QV15_00780","QV15_00780"
"151","QV15_00785","QV15_00785"
"152","QV15_00790","QV15_00790"
"153","QV15_00795","QV15_00795"
"154","QV15_00800","QV15_00800"
"155","QV15_00805","QV15_00805"
"156","QV15_00810","QV15_00810"
"157","QV15_00815","QV15_00815"
"158","QV15_00820","QV15_00820"
"159","QV15_00825","QV15_00825"
"160","QV15_00830","QV15_00830"
"161","QV15_00835","QV15_00835"
"162","QV15_00840","QV15_00840"
"163","QV15_00845","QV15_00845"
"164","QV15_00850","QV15_00850"
"165","QV15_00855","QV15_00855"
"166","QV15_00860","QV15_00860"
"167","QV15_00865","QV15_00865"
"168","QV15_00870","QV15_00870"
"169","QV15_00875","QV15_00875"
"170","QV15_00880","QV15_00880"
"171","QV15_00885","QV15_00885"
"172","QV15_00890","QV15_00890"
"173","QV15_00895","QV15_00895"
"174","QV15_00900","QV15_00900"
"175","QV15_00905","QV15_00905"
"176","QV15_00910","QV15_00910"
"177","QV15_00915","QV15_00915"
"178","QV15_00920","QV15_00920"
"179","QV15_00925","QV15_00925"
"180","QV15_00930","QV15_00930"
"181","QV15_00935","QV15_00935"
"182","QV15_00940","QV15_00940"
"183","QV15_00955","QV15_00955"
"184","QV15_00960","QV15_00960"
"185","gatC","QV15_00965"
"186","QV15_00970","QV15_00970"
"187","QV15_00975","QV15_00975"
"188","QV15_00980","QV15_00980"
"189","QV15_00985","QV15_00985"
"190","QV15_00990","QV15_00990"
"191","QV15_00995","QV15_00995"
"192","QV15_01000","QV15_01000"
"193","QV15_01005","QV15_01005"
"194","QV15_01010","QV15_01010"
"195","QV15_01015","QV15_01015"
"196","QV15_01020","QV15_01020"
"197","QV15_01025","QV15_01025"
"198","QV15_01030","QV15_01030"
"199","QV15_01035","QV15_01035"
"200","QV15_01040","QV15_01040"
"201","QV15_01045","QV15_01045"
"202","QV15_01050","QV15_01050"
"203","QV15_01055","QV15_01055"
"204","QV15_01060","QV15_01060"
"205","QV15_01065","QV15_01065"
"206","QV15_01070","QV15_01070"
"207","QV15_01075","QV15_01075"
"208","QV15_01080","QV15_01080"
"209","QV15_01085","QV15_01085"
"210","QV15_01090","QV15_01090"
"211","QV15_01095","QV15_01095"
"212","QV15_01100","QV15_01100"
"213","QV15_01105","QV15_01105"
"214","QV15_01110","QV15_01110"
"215","QV15_01115","QV15_01115"
"216","QV15_01120","QV15_01120"
"217","QV15_01125","QV15_01125"
"218","QV15_01130","QV15_01130"
"219","QV15_01135","QV15_01135"
"220","QV15_01140","QV15_01140"
"221","QV15_01145","QV15_01145"
"222","QV15_01150","QV15_01150"
"223","QV15_01155","QV15_01155"
"224","QV15_01160","QV15_01160"
"225","QV15_01165","QV15_01165"
"226","QV15_01170","QV15_01170"
"227","QV15_01175","QV15_01175"
"228","QV15_01180","QV15_01180"
"229","QV15_01185","QV15_01185"
"230","QV15_01190","QV15_01190"
"231","QV15_01195","QV15_01195"
"232","QV15_01200","QV15_01200"
"233","QV15_01205","QV15_01205"
"234","QV15_01210","QV15_01210"
"235","QV15_01215","QV15_01215"
"236","QV15_01220","QV15_01220"
"237","QV15_01225","QV15_01225"
"238","QV15_01230","QV15_01230"
"239","QV15_01235","QV15_01235"
"240","QV15_01240","QV15_01240"
"241","QV15_01255","QV15_01255"
"242","QV15_01260","QV15_01260"
"243","QV15_01265","QV15_01265"
"244","QV15_01270","QV15_01270"
"245","QV15_01275","QV15_01275"
"246","QV15_01280","QV15_01280"
"247","QV15_01285","QV15_01285"
"248","QV15_01290","QV15_01290"
"249","QV15_01295","QV15_01295"
"250","QV15_01300","QV15_01300"
"251","QV15_01305","QV15_01305"
"252","QV15_01310","QV15_01310"
"253","QV15_01315","QV15_01315"
"254","QV15_01320","QV15_01320"
"255","QV15_01325","QV15_01325"
"256","QV15_01330","QV15_01330"
"257","QV15_01335","QV15_01335"
"258","QV15_01340","QV15_01340"
"259","QV15_01345","QV15_01345"
"260","QV15_01350","QV15_01350"
"261","QV15_01355","QV15_01355"
"262","QV15_01360","QV15_01360"
"263","QV15_01365","QV15_01365"
"264","QV15_01370","QV15_01370"
"265","QV15_01375","QV15_01375"
"266","QV15_01380","QV15_01380"
"267","QV15_01385","QV15_01385"
"268","QV15_01390","QV15_01390"
"269","QV15_01395","QV15_01395"
"270","QV15_01400","QV15_01400"
"271","QV15_01405","QV15_01405"
"272","QV15_01410","QV15_01410"
"273","QV15_01415","QV15_01415"
"274","QV15_01420","QV15_01420"
"275","QV15_01425","QV15_01425"
"276","QV15_01430","QV15_01430"
"277","QV15_01435","QV15_01435"
"278","QV15_01445","QV15_01445"
"279","QV15_01450","QV15_01450"
"280","QV15_01455","QV15_01455"
"281","QV15_01460","QV15_01460"
"282","QV15_01465","QV15_01465"
"283","QV15_01470","QV15_01470"
"284","QV15_01475","QV15_01475"
"285","QV15_01480","QV15_01480"
"286","QV15_01485","QV15_01485"
"287","QV15_01490","QV15_01490"
"288","QV15_01495","QV15_01495"
"289","QV15_01500","QV15_01500"
"290","QV15_01505","QV15_01505"
"291","QV15_01510","QV15_01510"
"292","QV15_01515","QV15_01515"
"293","QV15_01520","QV15_01520"
"294","QV15_01525","QV15_01525"
"295","QV15_01530","QV15_01530"
"296","QV15_01535","QV15_01535"
"297","QV15_01540","QV15_01540"
"298","QV15_01545","QV15_01545"
"299","QV15_01550","QV15_01550"
"300","QV15_01555","QV15_01555"
"301","QV15_01560","QV15_01560"
"302","QV15_01565","QV15_01565"
"303","QV15_01570","QV15_01570"
"304","QV15_01575","QV15_01575"
"305","QV15_01580","QV15_01580"
"306","QV15_01585","QV15_01585"
"307","QV15_01590","QV15_01590"
"308","QV15_01595","QV15_01595"
"309","QV15_01600","QV15_01600"
"310","QV15_01605","QV15_01605"
"311","QV15_01610","QV15_01610"
"312","QV15_01615","QV15_01615"
"313","QV15_01620","QV15_01620"
"314","QV15_01625","QV15_01625"
"315","QV15_01630","QV15_01630"
"316","QV15_01635","QV15_01635"
"317","QV15_01640","QV15_01640"
"318","QV15_01645","QV15_01645"
"319","QV15_01650","QV15_01650"
"320","QV15_01655","QV15_01655"
"321","QV15_01660","QV15_01660"
"322","QV15_01665","QV15_01665"
"323","QV15_01670","QV15_01670"
"324","QV15_01675","QV15_01675"
"325","QV15_01680","QV15_01680"
"326","QV15_01685","QV15_01685"
"327","QV15_01690","QV15_01690"
"328","QV15_01695","QV15_01695"
"329","QV15_01700","QV15_01700"
"330","QV15_01705","QV15_01705"
"331","QV15_01710","QV15_01710"
"332","QV15_01715","QV15_01715"
"333","QV15_01720","QV15_01720"
"334","QV15_01725","QV15_01725"
"335","QV15_01730","QV15_01730"
"336","QV15_01735","QV15_01735"
"337","QV15_01740","QV15_01740"
"338","QV15_01745","QV15_01745"
"339","QV15_01750","QV15_01750"
"340","QV15_01755","QV15_01755"
"341","QV15_01760","QV15_01760"
"342","QV15_01765","QV15_01765"
"343","QV15_01770","QV15_01770"
"344","QV15_01775","QV15_01775"
"345","QV15_01780","QV15_01780"
"346","QV15_01785","QV15_01785"
"347","QV15_01790","QV15_01790"
"348","QV15_01795","QV15_01795"
"349","QV15_01800","QV15_01800"
"350","QV15_01805","QV15_01805"
"351","QV15_01810","QV15_01810"
"352","QV15_01815","QV15_01815"
"353","QV15_01820","QV15_01820"
"354","QV15_01825","QV15_01825"
"355","QV15_01835","QV15_01835"
"356","QV15_01840","QV15_01840"
"357","QV15_01845","QV15_01845"
"358","QV15_01850","QV15_01850"
"359","QV15_01855","QV15_01855"
"360","QV15_01860","QV15_01860"
"361","QV15_01865","QV15_01865"
"362","QV15_01870","QV15_01870"
"363","QV15_01875","QV15_01875"
"364","QV15_01880","QV15_01880"
"365","QV15_01885","QV15_01885"
"366","QV15_01890","QV15_01890"
"367","QV15_01895","QV15_01895"
"368","QV15_01900","QV15_01900"
"369","QV15_01905","QV15_01905"
"370","QV15_01910","QV15_01910"
"371","QV15_01915","QV15_01915"
"372","QV15_01920","QV15_01920"
"373","QV15_01925","QV15_01925"
"374","QV15_01930","QV15_01930"
"375","QV15_01935","QV15_01935"
"376","QV15_01940","QV15_01940"
"377","QV15_01945","QV15_01945"
"378","QV15_01950","QV15_01950"
"379","QV15_01955","QV15_01955"
"380","QV15_01960","QV15_01960"
"381","QV15_01965","QV15_01965"
"382","QV15_01970","QV15_01970"
"383","QV15_01975","QV15_01975"
"384","QV15_01980","QV15_01980"
"385","QV15_01985","QV15_01985"
"386","QV15_01990","QV15_01990"
"387","QV15_02000","QV15_02000"
"388","QV15_02005","QV15_02005"
"389","QV15_02010","QV15_02010"
"390","QV15_02015","QV15_02015"
"391","QV15_02020","QV15_02020"
"392","QV15_02025","QV15_02025"
"393","QV15_02030","QV15_02030"
"394","QV15_02035","QV15_02035"
"395","QV15_02040","QV15_02040"
"396","QV15_02045","QV15_02045"
"397","QV15_02055","QV15_02055"
"398","QV15_02060","QV15_02060"
"399","QV15_02065","QV15_02065"
"400","QV15_02070","QV15_02070"
"401","QV15_02075","QV15_02075"
"402","QV15_02080","QV15_02080"
"403","QV15_02085","QV15_02085"
"404","QV15_02090","QV15_02090"
"405","QV15_02095","QV15_02095"
"406","QV15_02100","QV15_02100"
"407","QV15_02105","QV15_02105"
"408","QV15_02110","QV15_02110"
"409","QV15_02115","QV15_02115"
"410","QV15_02120","QV15_02120"
"411","QV15_02125","QV15_02125"
"412","QV15_02130","QV15_02130"
"413","ipk","QV15_02135"
"414","QV15_02140","QV15_02140"
"415","QV15_02145","QV15_02145"
"416","QV15_02150","QV15_02150"
"417","QV15_02155","QV15_02155"
"418","glmU","QV15_02160"
"419","QV15_02165","QV15_02165"
"420","QV15_02170","QV15_02170"
"421","QV15_02175","QV15_02175"
"422","QV15_02180","QV15_02180"
"423","QV15_02185","QV15_02185"
"424","QV15_02190","QV15_02190"
"425","QV15_02195","QV15_02195"
"426","QV15_02200","QV15_02200"
"427","QV15_02205","QV15_02205"
"428","QV15_02210","QV15_02210"
"429","QV15_02215","QV15_02215"
"430","QV15_02220","QV15_02220"
"431","QV15_02225","QV15_02225"
"432","QV15_02230","QV15_02230"
"433","QV15_02235","QV15_02235"
"434","QV15_02240","QV15_02240"
"435","QV15_02245","QV15_02245"
"436","QV15_02250","QV15_02250"
"437","QV15_02255","QV15_02255"
"438","QV15_02260","QV15_02260"
"439","QV15_02335","QV15_02335"
"440","QV15_02340","QV15_02340"
"441","QV15_02345","QV15_02345"
"442","QV15_02350","QV15_02350"
"443","QV15_02355","QV15_02355"
"444","QV15_02360","QV15_02360"
"445","QV15_02365","QV15_02365"
"446","QV15_02370","QV15_02370"
"447","QV15_02375","QV15_02375"
"448","QV15_02385","QV15_02385"
"449","QV15_02390","QV15_02390"
"450","QV15_02395","QV15_02395"
"451","QV15_02400","QV15_02400"
"452","QV15_02405","QV15_02405"
"453","QV15_02410","QV15_02410"
"454","QV15_02415","QV15_02415"
"455","QV15_02420","QV15_02420"
"456","QV15_02425","QV15_02425"
"457","QV15_02430","QV15_02430"
"458","QV15_02435","QV15_02435"
"459","QV15_02440","QV15_02440"
"460","QV15_02445","QV15_02445"
"461","QV15_02450","QV15_02450"
"462","rplL","QV15_02455"
"463","QV15_02460","QV15_02460"
"464","QV15_02465","QV15_02465"
"465","QV15_02470","QV15_02470"
"466","QV15_02475","QV15_02475"
"467","QV15_02480","QV15_02480"
"468","QV15_02485","QV15_02485"
"469","fusA","QV15_02490"
"470","tuf","QV15_02495"
"471","QV15_02500","QV15_02500"
"472","QV15_02505","QV15_02505"
"473","QV15_02510","QV15_02510"
"474","QV15_02515","QV15_02515"
"475","QV15_02520","QV15_02520"
"476","QV15_02525","QV15_02525"
"477","QV15_02530","QV15_02530"
"478","QV15_02535","QV15_02535"
"479","QV15_02540","QV15_02540"
"480","QV15_02545","QV15_02545"
"481","QV15_02550","QV15_02550"
"482","QV15_02555","QV15_02555"
"483","QV15_02560","QV15_02560"
"484","QV15_02565","QV15_02565"
"485","QV15_02570","QV15_02570"
"486","QV15_02575","QV15_02575"
"487","QV15_02580","QV15_02580"
"488","QV15_02585","QV15_02585"
"489","QV15_02590","QV15_02590"
"490","QV15_02595","QV15_02595"
"491","QV15_02600","QV15_02600"
"492","QV15_02605","QV15_02605"
"493","QV15_02610","QV15_02610"
"494","QV15_02615","QV15_02615"
"495","QV15_02620","QV15_02620"
"496","QV15_02625","QV15_02625"
"497","QV15_02630","QV15_02630"
"498","QV15_02635","QV15_02635"
"499","QV15_02640","QV15_02640"
"500","QV15_02645","QV15_02645"
"501","QV15_02650","QV15_02650"
"502","QV15_02655","QV15_02655"
"503","QV15_02660","QV15_02660"
"504","QV15_02665","QV15_02665"
"505","QV15_02670","QV15_02670"
"506","QV15_02675","QV15_02675"
"507","QV15_02680","QV15_02680"
"508","eutD","QV15_02685"
"509","QV15_02690","QV15_02690"
"510","QV15_02695","QV15_02695"
"511","QV15_02700","QV15_02700"
"512","QV15_02705","QV15_02705"
"513","QV15_02710","QV15_02710"
"514","QV15_02715","QV15_02715"
"515","QV15_02720","QV15_02720"
"516","QV15_02725","QV15_02725"
"517","QV15_02730","QV15_02730"
"518","QV15_02735","QV15_02735"
"519","QV15_02740","QV15_02740"
"520","QV15_02750","QV15_02750"
"521","QV15_02755","QV15_02755"
"522","QV15_02760","QV15_02760"
"523","QV15_02765","QV15_02765"
"524","QV15_02770","QV15_02770"
"525","QV15_02775","QV15_02775"
"526","adhP","QV15_02780"
"527","QV15_02790","QV15_02790"
"528","argS","QV15_02795"
"529","QV15_02800","QV15_02800"
"530","QV15_02805","QV15_02805"
"531","QV15_02810","QV15_02810"
"532","QV15_02815","QV15_02815"
"533","QV15_02820","QV15_02820"
"534","QV15_02825","QV15_02825"
"535","QV15_02830","QV15_02830"
"536","QV15_02835","QV15_02835"
"537","QV15_02840","QV15_02840"
"538","QV15_02845","QV15_02845"
"539","QV15_02850","QV15_02850"
"540","QV15_02855","QV15_02855"
"541","QV15_02860","QV15_02860"
"542","QV15_02865","QV15_02865"
"543","QV15_02870","QV15_02870"
"544","QV15_02875","QV15_02875"
"545","QV15_02880","QV15_02880"
"546","QV15_02885","QV15_02885"
"547","QV15_02890","QV15_02890"
"548","QV15_02895","QV15_02895"
"549","QV15_02900","QV15_02900"
"550","QV15_02905","QV15_02905"
"551","QV15_02910","QV15_02910"
"552","QV15_02915","QV15_02915"
"553","QV15_02920","QV15_02920"
"554","QV15_02925","QV15_02925"
"555","QV15_02930","QV15_02930"
"556","QV15_02935","QV15_02935"
"557","QV15_02940","QV15_02940"
"558","QV15_02945","QV15_02945"
"559","QV15_02950","QV15_02950"
"560","QV15_02955","QV15_02955"
"561","QV15_02960","QV15_02960"
"562","QV15_02965","QV15_02965"
"563","QV15_02970","QV15_02970"
"564","QV15_02975","QV15_02975"
"565","QV15_02980","QV15_02980"
"566","QV15_02985","QV15_02985"
"567","QV15_02990","QV15_02990"
"568","QV15_02995","QV15_02995"
"569","QV15_03000","QV15_03000"
"570","QV15_03005","QV15_03005"
"571","QV15_03010","QV15_03010"
"572","QV15_03020","QV15_03020"
"573","QV15_03025","QV15_03025"
"574","QV15_03030","QV15_03030"
"575","QV15_03035","QV15_03035"
"576","QV15_03040","QV15_03040"
"577","QV15_03045","QV15_03045"
"578","QV15_03050","QV15_03050"
"579","QV15_03055","QV15_03055"
"580","QV15_03060","QV15_03060"
"581","QV15_03065","QV15_03065"
"582","QV15_03070","QV15_03070"
"583","QV15_03075","QV15_03075"
"584","QV15_03080","QV15_03080"
"585","QV15_03085","QV15_03085"
"586","QV15_03090","QV15_03090"
"587","QV15_03095","QV15_03095"
"588","QV15_03100","QV15_03100"
"589","QV15_03105","QV15_03105"
"590","QV15_03110","QV15_03110"
"591","QV15_03115","QV15_03115"
"592","QV15_03120","QV15_03120"
"593","QV15_03125","QV15_03125"
"594","QV15_03130","QV15_03130"
"595","QV15_03135","QV15_03135"
"596","QV15_03140","QV15_03140"
"597","QV15_03145","QV15_03145"
"598","QV15_03150","QV15_03150"
"599","QV15_03165","QV15_03165"
"600","QV15_03175","QV15_03175"
"601","QV15_03180","QV15_03180"
"602","QV15_03185","QV15_03185"
"603","QV15_03195","QV15_03195"
"604","QV15_03200","QV15_03200"
"605","QV15_03205","QV15_03205"
"606","QV15_03210","QV15_03210"
"607","QV15_03220","QV15_03220"
"608","QV15_03225","QV15_03225"
"609","QV15_03230","QV15_03230"
"610","QV15_03235","QV15_03235"
"611","QV15_03240","QV15_03240"
"612","QV15_03245","QV15_03245"
"613","QV15_03250","QV15_03250"
"614","QV15_03255","QV15_03255"
"615","QV15_03260","QV15_03260"
"616","QV15_03265","QV15_03265"
"617","QV15_03270","QV15_03270"
"618","QV15_03275","QV15_03275"
"619","QV15_03280","QV15_03280"
"620","QV15_03285","QV15_03285"
"621","QV15_03290","QV15_03290"
"622","QV15_03295","QV15_03295"
"623","QV15_03300","QV15_03300"
"624","QV15_03305","QV15_03305"
"625","QV15_03310","QV15_03310"
"626","QV15_03320","QV15_03320"
"627","QV15_03325","QV15_03325"
"628","QV15_03330","QV15_03330"
"629","QV15_03335","QV15_03335"
"630","QV15_03340","QV15_03340"
"631","QV15_03345","QV15_03345"
"632","QV15_03350","QV15_03350"
"633","QV15_03355","QV15_03355"
"634","QV15_03360","QV15_03360"
"635","QV15_03365","QV15_03365"
"636","QV15_03370","QV15_03370"
"637","QV15_03375","QV15_03375"
"638","QV15_03380","QV15_03380"
"639","QV15_03385","QV15_03385"
"640","QV15_03390","QV15_03390"
"641","QV15_03395","QV15_03395"
"642","QV15_03400","QV15_03400"
"643","QV15_03405","QV15_03405"
"644","QV15_03410","QV15_03410"
"645","QV15_03415","QV15_03415"
"646","QV15_03420","QV15_03420"
"647","QV15_03425","QV15_03425"
"648","QV15_03430","QV15_03430"
"649","QV15_03435","QV15_03435"
"650","QV15_03440","QV15_03440"
"651","QV15_03445","QV15_03445"
"652","QV15_03450","QV15_03450"
"653","QV15_03460","QV15_03460"
"654","QV15_03465","QV15_03465"
"655","QV15_03470","QV15_03470"
"656","QV15_03475","QV15_03475"
"657","QV15_03480","QV15_03480"
"658","QV15_03485","QV15_03485"
"659","QV15_03490","QV15_03490"
"660","QV15_03495","QV15_03495"
"661","QV15_03500","QV15_03500"
"662","QV15_03505","QV15_03505"
"663","QV15_03510","QV15_03510"
"664","QV15_03515","QV15_03515"
"665","QV15_03520","QV15_03520"
"666","QV15_03525","QV15_03525"
"667","QV15_03530","QV15_03530"
"668","QV15_03535","QV15_03535"
"669","QV15_03540","QV15_03540"
"670","QV15_03545","QV15_03545"
"671","QV15_03550","QV15_03550"
"672","QV15_03555","QV15_03555"
"673","QV15_03560","QV15_03560"
"674","QV15_03565","QV15_03565"
"675","QV15_03570","QV15_03570"
"676","QV15_03575","QV15_03575"
"677","QV15_03580","QV15_03580"
"678","QV15_03585","QV15_03585"
"679","QV15_03590","QV15_03590"
"680","QV15_03595","QV15_03595"
"681","QV15_03600","QV15_03600"
"682","QV15_03605","QV15_03605"
"683","QV15_03610","QV15_03610"
"684","QV15_03615","QV15_03615"
"685","QV15_03620","QV15_03620"
"686","QV15_03625","QV15_03625"
"687","QV15_03635","QV15_03635"
"688","QV15_03640","QV15_03640"
"689","QV15_03645","QV15_03645"
"690","QV15_03650","QV15_03650"
"691","QV15_03655","QV15_03655"
"692","murB","QV15_03660"
"693","QV15_03665","QV15_03665"
"694","QV15_03670","QV15_03670"
"695","QV15_03675","QV15_03675"
"696","QV15_03680","QV15_03680"
"697","QV15_03685","QV15_03685"
"698","QV15_03690","QV15_03690"
"699","QV15_03695","QV15_03695"
"700","QV15_03700","QV15_03700"
"701","QV15_03705","QV15_03705"
"702","QV15_03710","QV15_03710"
"703","QV15_03715","QV15_03715"
"704","QV15_03720","QV15_03720"
"705","QV15_03725","QV15_03725"
"706","QV15_03730","QV15_03730"
"707","QV15_03735","QV15_03735"
"708","QV15_03740","QV15_03740"
"709","QV15_03745","QV15_03745"
"710","QV15_03750","QV15_03750"
"711","QV15_03755","QV15_03755"
"712","QV15_03760","QV15_03760"
"713","QV15_03765","QV15_03765"
"714","QV15_03770","QV15_03770"
"715","QV15_03775","QV15_03775"
"716","QV15_03780","QV15_03780"
"717","QV15_03785","QV15_03785"
"718","QV15_03790","QV15_03790"
"719","QV15_03795","QV15_03795"
"720","QV15_03800","QV15_03800"
"721","QV15_03805","QV15_03805"
"722","QV15_03810","QV15_03810"
"723","QV15_03815","QV15_03815"
"724","QV15_03825","QV15_03825"
"725","QV15_03830","QV15_03830"
"726","QV15_03835","QV15_03835"
"727","QV15_03840","QV15_03840"
"728","QV15_03845","QV15_03845"
"729","QV15_03850","QV15_03850"
"730","QV15_03855","QV15_03855"
"731","tpiA","QV15_03860"
"732","QV15_03865","QV15_03865"
"733","eno","QV15_03870"
"734","QV15_03875","QV15_03875"
"735","QV15_03880","QV15_03880"
"736","QV15_03885","QV15_03885"
"737","QV15_03890","QV15_03890"
"738","QV15_03895","QV15_03895"
"739","QV15_03900","QV15_03900"
"740","QV15_03905","QV15_03905"
"741","QV15_03910","QV15_03910"
"742","QV15_03915","QV15_03915"
"743","QV15_03920","QV15_03920"
"744","QV15_03925","QV15_03925"
"745","QV15_03935","QV15_03935"
"746","QV15_03940","QV15_03940"
"747","QV15_03945","QV15_03945"
"748","QV15_03950","QV15_03950"
"749","QV15_03955","QV15_03955"
"750","QV15_03960","QV15_03960"
"751","QV15_03965","QV15_03965"
"752","QV15_03970","QV15_03970"
"753","QV15_03975","QV15_03975"
"754","QV15_03980","QV15_03980"
"755","QV15_03985","QV15_03985"
"756","QV15_03990","QV15_03990"
"757","QV15_03995","QV15_03995"
"758","QV15_04000","QV15_04000"
"759","QV15_04005","QV15_04005"
"760","QV15_04010","QV15_04010"
"761","QV15_04015","QV15_04015"
"762","QV15_04020","QV15_04020"
"763","QV15_04025","QV15_04025"
"764","QV15_04030","QV15_04030"
"765","QV15_04040","QV15_04040"
"766","QV15_04045","QV15_04045"
"767","QV15_04050","QV15_04050"
"768","QV15_04055","QV15_04055"
"769","QV15_04060","QV15_04060"
"770","QV15_04065","QV15_04065"
"771","QV15_04070","QV15_04070"
"772","QV15_04075","QV15_04075"
"773","QV15_04080","QV15_04080"
"774","QV15_04085","QV15_04085"
"775","QV15_04090","QV15_04090"
"776","QV15_04095","QV15_04095"
"777","QV15_04100","QV15_04100"
"778","QV15_04110","QV15_04110"
"779","QV15_04115","QV15_04115"
"780","QV15_04120","QV15_04120"
"781","QV15_04125","QV15_04125"
"782","QV15_04130","QV15_04130"
"783","QV15_04135","QV15_04135"
"784","QV15_04140","QV15_04140"
"785","QV15_04145","QV15_04145"
"786","QV15_04150","QV15_04150"
"787","QV15_04155","QV15_04155"
"788","QV15_04160","QV15_04160"
"789","QV15_04165","QV15_04165"
"790","QV15_04170","QV15_04170"
"791","QV15_04175","QV15_04175"
"792","QV15_04180","QV15_04180"
"793","QV15_04185","QV15_04185"
"794","QV15_04190","QV15_04190"
"795","QV15_04195","QV15_04195"
"796","QV15_04200","QV15_04200"
"797","QV15_04205","QV15_04205"
"798","QV15_04210","QV15_04210"
"799","QV15_04215","QV15_04215"
"800","QV15_04220","QV15_04220"
"801","QV15_04225","QV15_04225"
"802","QV15_04230","QV15_04230"
"803","QV15_04235","QV15_04235"
"804","QV15_04240","QV15_04240"
"805","QV15_04245","QV15_04245"
"806","QV15_04250","QV15_04250"
"807","QV15_04255","QV15_04255"
"808","QV15_04260","QV15_04260"
"809","QV15_04265","QV15_04265"
"810","QV15_04270","QV15_04270"
"811","QV15_04275","QV15_04275"
"812","QV15_04280","QV15_04280"
"813","QV15_04285","QV15_04285"
"814","QV15_04290","QV15_04290"
"815","QV15_04295","QV15_04295"
"816","QV15_04300","QV15_04300"
"817","rocD","QV15_04305"
"818","QV15_04310","QV15_04310"
"819","QV15_04315","QV15_04315"
"820","QV15_04320","QV15_04320"
"821","QV15_04325","QV15_04325"
"822","QV15_04330","QV15_04330"
"823","QV15_04335","QV15_04335"
"824","QV15_04340","QV15_04340"
"825","QV15_04345","QV15_04345"
"826","QV15_04350","QV15_04350"
"827","QV15_04355","QV15_04355"
"828","QV15_04360","QV15_04360"
"829","QV15_04365","QV15_04365"
"830","QV15_04375","QV15_04375"
"831","QV15_04380","QV15_04380"
"832","QV15_04385","QV15_04385"
"833","QV15_04390","QV15_04390"
"834","QV15_04395","QV15_04395"
"835","QV15_04400","QV15_04400"
"836","QV15_04405","QV15_04405"
"837","QV15_04410","QV15_04410"
"838","QV15_04415","QV15_04415"
"839","QV15_04420","QV15_04420"
"840","QV15_04425","QV15_04425"
"841","QV15_04430","QV15_04430"
"842","QV15_04435","QV15_04435"
"843","QV15_04440","QV15_04440"
"844","QV15_04445","QV15_04445"
"845","QV15_04450","QV15_04450"
"846","QV15_04455","QV15_04455"
"847","QV15_04460","QV15_04460"
"848","QV15_04465","QV15_04465"
"849","QV15_04470","QV15_04470"
"850","QV15_04475","QV15_04475"
"851","QV15_04480","QV15_04480"
"852","QV15_04490","QV15_04490"
"853","QV15_04495","QV15_04495"
"854","QV15_04500","QV15_04500"
"855","QV15_04505","QV15_04505"
"856","QV15_04510","QV15_04510"
"857","QV15_04520","QV15_04520"
"858","QV15_04525","QV15_04525"
"859","QV15_04530","QV15_04530"
"860","QV15_04535","QV15_04535"
"861","QV15_04540","QV15_04540"
"862","QV15_04545","QV15_04545"
"863","QV15_04550","QV15_04550"
"864","QV15_04555","QV15_04555"
"865","QV15_04560","QV15_04560"
"866","QV15_04565","QV15_04565"
"867","QV15_04570","QV15_04570"
"868","QV15_04575","QV15_04575"
"869","ppnK","QV15_04580"
"870","QV15_04585","QV15_04585"
"871","QV15_04590","QV15_04590"
"872","QV15_04595","QV15_04595"
"873","QV15_04600","QV15_04600"
"874","QV15_04605","QV15_04605"
"875","QV15_04610","QV15_04610"
"876","QV15_04615","QV15_04615"
"877","QV15_04620","QV15_04620"
"878","QV15_04625","QV15_04625"
"879","QV15_04630","QV15_04630"
"880","QV15_04635","QV15_04635"
"881","QV15_04640","QV15_04640"
"882","QV15_04645","QV15_04645"
"883","QV15_04650","QV15_04650"
"884","QV15_04655","QV15_04655"
"885","QV15_04660","QV15_04660"
"886","QV15_04665","QV15_04665"
"887","QV15_04670","QV15_04670"
"888","QV15_04675","QV15_04675"
"889","QV15_04690","QV15_04690"
"890","QV15_04695","QV15_04695"
"891","QV15_04700","QV15_04700"
"892","QV15_04705","QV15_04705"
"893","QV15_04710","QV15_04710"
"894","QV15_04715","QV15_04715"
"895","QV15_04720","QV15_04720"
"896","QV15_04725","QV15_04725"
"897","QV15_04730","QV15_04730"
"898","QV15_04735","QV15_04735"
"899","QV15_04740","QV15_04740"
"900","QV15_04745","QV15_04745"
"901","QV15_04750","QV15_04750"
"902","QV15_04755","QV15_04755"
"903","QV15_04760","QV15_04760"
"904","QV15_04765","QV15_04765"
"905","QV15_04770","QV15_04770"
"906","QV15_04775","QV15_04775"
"907","QV15_04780","QV15_04780"
"908","QV15_04785","QV15_04785"
"909","QV15_04790","QV15_04790"
"910","QV15_04795","QV15_04795"
"911","QV15_04800","QV15_04800"
"912","QV15_04805","QV15_04805"
"913","QV15_04810","QV15_04810"
"914","QV15_04815","QV15_04815"
"915","QV15_04820","QV15_04820"
"916","QV15_04825","QV15_04825"
"917","QV15_04830","QV15_04830"
"918","QV15_04835","QV15_04835"
"919","QV15_04840","QV15_04840"
"920","QV15_04845","QV15_04845"
"921","QV15_04850","QV15_04850"
"922","QV15_04855","QV15_04855"
"923","QV15_04860","QV15_04860"
"924","QV15_04865","QV15_04865"
"925","QV15_04870","QV15_04870"
"926","QV15_04875","QV15_04875"
"927","QV15_04880","QV15_04880"
"928","QV15_04885","QV15_04885"
"929","QV15_04890","QV15_04890"
"930","QV15_04895","QV15_04895"
"931","QV15_04900","QV15_04900"
"932","QV15_04905","QV15_04905"
"933","QV15_04910","QV15_04910"
"934","QV15_04915","QV15_04915"
"935","QV15_04920","QV15_04920"
"936","QV15_04925","QV15_04925"
"937","QV15_04930","QV15_04930"
"938","QV15_04935","QV15_04935"
"939","QV15_04940","QV15_04940"
"940","QV15_04945","QV15_04945"
"941","QV15_04950","QV15_04950"
"942","purH","QV15_04955"
"943","QV15_04960","QV15_04960"
"944","QV15_04965","QV15_04965"
"945","QV15_04970","QV15_04970"
"946","QV15_04975","QV15_04975"
"947","QV15_04985","QV15_04985"
"948","QV15_04990","QV15_04990"
"949","QV15_04995","QV15_04995"
"950","QV15_05000","QV15_05000"
"951","QV15_05005","QV15_05005"
"952","QV15_05010","QV15_05010"
"953","QV15_05015","QV15_05015"
"954","QV15_05020","QV15_05020"
"955","QV15_05025","QV15_05025"
"956","QV15_05030","QV15_05030"
"957","QV15_05035","QV15_05035"
"958","QV15_05040","QV15_05040"
"959","QV15_05045","QV15_05045"
"960","QV15_05050","QV15_05050"
"961","QV15_05055","QV15_05055"
"962","QV15_05060","QV15_05060"
"963","QV15_05065","QV15_05065"
"964","QV15_05070","QV15_05070"
"965","QV15_05075","QV15_05075"
"966","QV15_05080","QV15_05080"
"967","QV15_05085","QV15_05085"
"968","QV15_05090","QV15_05090"
"969","QV15_05095","QV15_05095"
"970","QV15_05100","QV15_05100"
"971","QV15_05105","QV15_05105"
"972","QV15_05110","QV15_05110"
"973","QV15_05115","QV15_05115"
"974","QV15_05120","QV15_05120"
"975","QV15_05125","QV15_05125"
"976","QV15_05130","QV15_05130"
"977","QV15_05135","QV15_05135"
"978","QV15_05140","QV15_05140"
"979","QV15_05145","QV15_05145"
"980","QV15_05150","QV15_05150"
"981","QV15_05155","QV15_05155"
"982","QV15_05160","QV15_05160"
"983","QV15_05165","QV15_05165"
"984","QV15_05170","QV15_05170"
"985","QV15_05175","QV15_05175"
"986","QV15_05180","QV15_05180"
"987","QV15_05185","QV15_05185"
"988","QV15_05195","QV15_05195"
"989","QV15_05200","QV15_05200"
"990","QV15_05205","QV15_05205"
"991","QV15_05210","QV15_05210"
"992","QV15_05215","QV15_05215"
"993","QV15_05220","QV15_05220"
"994","coaD","QV15_05225"
"995","QV15_05230","QV15_05230"
"996","QV15_05235","QV15_05235"
"997","QV15_05240","QV15_05240"
"998","rpmF","QV15_05245"
"999","QV15_05250","QV15_05250"
"1000","QV15_05255","QV15_05255"
"1001","QV15_05260","QV15_05260"
"1002","QV15_05265","QV15_05265"
"1003","QV15_05270","QV15_05270"
"1004","QV15_05275","QV15_05275"
"1005","QV15_05280","QV15_05280"
"1006","QV15_05285","QV15_05285"
"1007","QV15_05290","QV15_05290"
"1008","QV15_05295","QV15_05295"
"1009","pheS","QV15_05300"
"1010","QV15_05305","QV15_05305"
"1011","QV15_05310","QV15_05310"
"1012","QV15_05315","QV15_05315"
"1013","QV15_05320","QV15_05320"
"1014","QV15_05325","QV15_05325"
"1015","QV15_05330","QV15_05330"
"1016","QV15_05335","QV15_05335"
"1017","QV15_05340","QV15_05340"
"1018","QV15_05345","QV15_05345"
"1019","QV15_05350","QV15_05350"
"1020","sdhA","QV15_05355"
"1021","sdhB","QV15_05360"
"1022","QV15_05365","QV15_05365"
"1023","QV15_05370","QV15_05370"
"1024","QV15_05375","QV15_05375"
"1025","QV15_05380","QV15_05380"
"1026","QV15_05385","QV15_05385"
"1027","QV15_05390","QV15_05390"
"1028","QV15_05395","QV15_05395"
"1029","QV15_05400","QV15_05400"
"1030","QV15_05405","QV15_05405"
"1031","QV15_05410","QV15_05410"
"1032","QV15_05415","QV15_05415"
"1033","QV15_05420","QV15_05420"
"1034","QV15_05425","QV15_05425"
"1035","QV15_05435","QV15_05435"
"1036","QV15_05440","QV15_05440"
"1037","QV15_05450","QV15_05450"
"1038","QV15_05455","QV15_05455"
"1039","QV15_05460","QV15_05460"
"1040","QV15_05465","QV15_05465"
"1041","QV15_05470","QV15_05470"
"1042","QV15_05475","QV15_05475"
"1043","QV15_05480","QV15_05480"
"1044","QV15_05485","QV15_05485"
"1045","QV15_05490","QV15_05490"
"1046","QV15_05500","QV15_05500"
"1047","QV15_05505","QV15_05505"
"1048","QV15_05510","QV15_05510"
"1049","QV15_05515","QV15_05515"
"1050","QV15_05520","QV15_05520"
"1051","QV15_05525","QV15_05525"
"1052","QV15_05530","QV15_05530"
"1053","QV15_05535","QV15_05535"
"1054","QV15_05540","QV15_05540"
"1055","murD","QV15_05545"
"1056","QV15_05550","QV15_05550"
"1057","QV15_05555","QV15_05555"
"1058","QV15_05560","QV15_05560"
"1059","QV15_05565","QV15_05565"
"1060","QV15_05570","QV15_05570"
"1061","QV15_05575","QV15_05575"
"1062","QV15_05580","QV15_05580"
"1063","QV15_05585","QV15_05585"
"1064","QV15_05590","QV15_05590"
"1065","ileS","QV15_05595"
"1066","QV15_05600","QV15_05600"
"1067","QV15_05605","QV15_05605"
"1068","QV15_05610","QV15_05610"
"1069","QV15_05615","QV15_05615"
"1070","QV15_05620","QV15_05620"
"1071","QV15_05625","QV15_05625"
"1072","QV15_05630","QV15_05630"
"1073","QV15_05635","QV15_05635"
"1074","QV15_05640","QV15_05640"
"1075","QV15_05645","QV15_05645"
"1076","QV15_05650","QV15_05650"
"1077","QV15_05655","QV15_05655"
"1078","QV15_05660","QV15_05660"
"1079","QV15_05665","QV15_05665"
"1080","QV15_05670","QV15_05670"
"1081","QV15_05675","QV15_05675"
"1082","QV15_05680","QV15_05680"
"1083","QV15_05685","QV15_05685"
"1084","QV15_05690","QV15_05690"
"1085","QV15_05695","QV15_05695"
"1086","QV15_05700","QV15_05700"
"1087","QV15_05705","QV15_05705"
"1088","QV15_05710","QV15_05710"
"1089","QV15_05715","QV15_05715"
"1090","QV15_05720","QV15_05720"
"1091","QV15_05725","QV15_05725"
"1092","QV15_05730","QV15_05730"
"1093","QV15_05735","QV15_05735"
"1094","QV15_05740","QV15_05740"
"1095","QV15_05745","QV15_05745"
"1096","QV15_05750","QV15_05750"
"1097","QV15_05755","QV15_05755"
"1098","QV15_05760","QV15_05760"
"1099","QV15_05765","QV15_05765"
"1100","QV15_05770","QV15_05770"
"1101","QV15_05775","QV15_05775"
"1102","QV15_05780","QV15_05780"
"1103","QV15_05785","QV15_05785"
"1104","QV15_05790","QV15_05790"
"1105","QV15_05795","QV15_05795"
"1106","QV15_05800","QV15_05800"
"1107","QV15_05805","QV15_05805"
"1108","QV15_05810","QV15_05810"
"1109","QV15_05815","QV15_05815"
"1110","rpsP","QV15_05820"
"1111","QV15_05825","QV15_05825"
"1112","QV15_05830","QV15_05830"
"1113","QV15_05835","QV15_05835"
"1114","QV15_05840","QV15_05840"
"1115","QV15_05845","QV15_05845"
"1116","QV15_05850","QV15_05850"
"1117","QV15_05855","QV15_05855"
"1118","sucC","QV15_05860"
"1119","QV15_05865","QV15_05865"
"1120","QV15_05870","QV15_05870"
"1121","QV15_05875","QV15_05875"
"1122","QV15_05880","QV15_05880"
"1123","QV15_05885","QV15_05885"
"1124","gid","QV15_05890"
"1125","QV15_05895","QV15_05895"
"1126","QV15_05900","QV15_05900"
"1127","QV15_05905","QV15_05905"
"1128","QV15_05910","QV15_05910"
"1129","QV15_05915","QV15_05915"
"1130","QV15_05920","QV15_05920"
"1131","QV15_05925","QV15_05925"
"1132","QV15_05930","QV15_05930"
"1133","pyrH","QV15_05935"
"1134","QV15_05940","QV15_05940"
"1135","QV15_05945","QV15_05945"
"1136","QV15_05950","QV15_05950"
"1137","QV15_05955","QV15_05955"
"1138","QV15_05960","QV15_05960"
"1139","polC","QV15_05965"
"1140","QV15_05970","QV15_05970"
"1141","nusA","QV15_05975"
"1142","QV15_05980","QV15_05980"
"1143","QV15_05985","QV15_05985"
"1144","QV15_05990","QV15_05990"
"1145","QV15_05995","QV15_05995"
"1146","truB","QV15_06000"
"1147","QV15_06005","QV15_06005"
"1148","QV15_06010","QV15_06010"
"1149","QV15_06015","QV15_06015"
"1150","QV15_06020","QV15_06020"
"1151","QV15_06025","QV15_06025"
"1152","QV15_06030","QV15_06030"
"1153","QV15_06035","QV15_06035"
"1154","QV15_06040","QV15_06040"
"1155","QV15_06045","QV15_06045"
"1156","QV15_06050","QV15_06050"
"1157","QV15_06055","QV15_06055"
"1158","QV15_06060","QV15_06060"
"1159","QV15_06065","QV15_06065"
"1160","QV15_06070","QV15_06070"
"1161","QV15_06075","QV15_06075"
"1162","QV15_06080","QV15_06080"
"1163","QV15_06085","QV15_06085"
"1164","QV15_06090","QV15_06090"
"1165","QV15_06095","QV15_06095"
"1166","QV15_06100","QV15_06100"
"1167","QV15_06105","QV15_06105"
"1168","QV15_06110","QV15_06110"
"1169","QV15_06115","QV15_06115"
"1170","QV15_06120","QV15_06120"
"1171","QV15_06125","QV15_06125"
"1172","QV15_06130","QV15_06130"
"1173","QV15_06135","QV15_06135"
"1174","glpK","QV15_06140"
"1175","QV15_06145","QV15_06145"
"1176","QV15_06150","QV15_06150"
"1177","QV15_06160","QV15_06160"
"1178","QV15_06165","QV15_06165"
"1179","QV15_06170","QV15_06170"
"1180","QV15_06175","QV15_06175"
"1181","QV15_06180","QV15_06180"
"1182","QV15_06185","QV15_06185"
"1183","QV15_06190","QV15_06190"
"1184","QV15_06195","QV15_06195"
"1185","QV15_06200","QV15_06200"
"1186","QV15_06205","QV15_06205"
"1187","QV15_06210","QV15_06210"
"1188","QV15_06215","QV15_06215"
"1189","QV15_06220","QV15_06220"
"1190","QV15_06225","QV15_06225"
"1191","QV15_06230","QV15_06230"
"1192","QV15_06235","QV15_06235"
"1193","QV15_06240","QV15_06240"
"1194","QV15_06245","QV15_06245"
"1195","QV15_06250","QV15_06250"
"1196","QV15_06255","QV15_06255"
"1197","QV15_06260","QV15_06260"
"1198","QV15_06265","QV15_06265"
"1199","QV15_06270","QV15_06270"
"1200","QV15_06275","QV15_06275"
"1201","QV15_06280","QV15_06280"
"1202","QV15_06285","QV15_06285"
"1203","QV15_06295","QV15_06295"
"1204","QV15_06300","QV15_06300"
"1205","QV15_06305","QV15_06305"
"1206","QV15_06310","QV15_06310"
"1207","QV15_06315","QV15_06315"
"1208","QV15_06320","QV15_06320"
"1209","QV15_06325","QV15_06325"
"1210","QV15_06330","QV15_06330"
"1211","QV15_06335","QV15_06335"
"1212","QV15_06340","QV15_06340"
"1213","QV15_06345","QV15_06345"
"1214","QV15_06350","QV15_06350"
"1215","QV15_06355","QV15_06355"
"1216","QV15_06360","QV15_06360"
"1217","QV15_06365","QV15_06365"
"1218","QV15_06370","QV15_06370"
"1219","QV15_06375","QV15_06375"
"1220","QV15_06380","QV15_06380"
"1221","QV15_06385","QV15_06385"
"1222","QV15_06390","QV15_06390"
"1223","QV15_06395","QV15_06395"
"1224","QV15_06400","QV15_06400"
"1225","QV15_06405","QV15_06405"
"1226","QV15_06410","QV15_06410"
"1227","QV15_06415","QV15_06415"
"1228","QV15_06420","QV15_06420"
"1229","QV15_06425","QV15_06425"
"1230","QV15_06430","QV15_06430"
"1231","QV15_06435","QV15_06435"
"1232","QV15_06440","QV15_06440"
"1233","QV15_06445","QV15_06445"
"1234","QV15_06450","QV15_06450"
"1235","QV15_06455","QV15_06455"
"1236","QV15_06460","QV15_06460"
"1237","QV15_06465","QV15_06465"
"1238","QV15_06475","QV15_06475"
"1239","QV15_06480","QV15_06480"
"1240","QV15_06485","QV15_06485"
"1241","QV15_06490","QV15_06490"
"1242","QV15_06495","QV15_06495"
"1243","QV15_06500","QV15_06500"
"1244","QV15_06505","QV15_06505"
"1245","QV15_06510","QV15_06510"
"1246","QV15_06515","QV15_06515"
"1247","QV15_06520","QV15_06520"
"1248","QV15_06525","QV15_06525"
"1249","QV15_06530","QV15_06530"
"1250","QV15_06535","QV15_06535"
"1251","QV15_06540","QV15_06540"
"1252","QV15_06545","QV15_06545"
"1253","QV15_06550","QV15_06550"
"1254","QV15_06555","QV15_06555"
"1255","QV15_06560","QV15_06560"
"1256","QV15_06565","QV15_06565"
"1257","QV15_06570","QV15_06570"
"1258","QV15_06575","QV15_06575"
"1259","gyrB2","QV15_06580"
"1260","QV15_06585","QV15_06585"
"1261","QV15_06590","QV15_06590"
"1262","QV15_06595","QV15_06595"
"1263","QV15_06600","QV15_06600"
"1264","QV15_06605","QV15_06605"
"1265","QV15_06610","QV15_06610"
"1266","QV15_06615","QV15_06615"
"1267","QV15_06620","QV15_06620"
"1268","QV15_06625","QV15_06625"
"1269","QV15_06630","QV15_06630"
"1270","QV15_06635","QV15_06635"
"1271","QV15_06640","QV15_06640"
"1272","QV15_06645","QV15_06645"
"1273","QV15_06650","QV15_06650"
"1274","QV15_06655","QV15_06655"
"1275","QV15_06660","QV15_06660"
"1276","QV15_06670","QV15_06670"
"1277","QV15_06675","QV15_06675"
"1278","QV15_06680","QV15_06680"
"1279","QV15_06685","QV15_06685"
"1280","QV15_06690","QV15_06690"
"1281","QV15_06695","QV15_06695"
"1282","QV15_06705","QV15_06705"
"1283","QV15_06710","QV15_06710"
"1284","QV15_06715","QV15_06715"
"1285","QV15_06720","QV15_06720"
"1286","QV15_06725","QV15_06725"
"1287","QV15_06730","QV15_06730"
"1288","QV15_06735","QV15_06735"
"1289","QV15_06740","QV15_06740"
"1290","QV15_06745","QV15_06745"
"1291","QV15_06750","QV15_06750"
"1292","QV15_06755","QV15_06755"
"1293","QV15_06760","QV15_06760"
"1294","QV15_06765","QV15_06765"
"1295","QV15_06770","QV15_06770"
"1296","QV15_06775","QV15_06775"
"1297","QV15_06780","QV15_06780"
"1298","QV15_06785","QV15_06785"
"1299","QV15_06790","QV15_06790"
"1300","QV15_06795","QV15_06795"
"1301","QV15_06800","QV15_06800"
"1302","QV15_06805","QV15_06805"
"1303","QV15_06810","QV15_06810"
"1304","QV15_06815","QV15_06815"
"1305","QV15_06820","QV15_06820"
"1306","QV15_06825","QV15_06825"
"1307","QV15_06830","QV15_06830"
"1308","QV15_06835","QV15_06835"
"1309","QV15_06840","QV15_06840"
"1310","QV15_06845","QV15_06845"
"1311","QV15_06850","QV15_06850"
"1312","QV15_06855","QV15_06855"
"1313","QV15_06860","QV15_06860"
"1314","QV15_06865","QV15_06865"
"1315","QV15_06870","QV15_06870"
"1316","QV15_06875","QV15_06875"
"1317","QV15_06880","QV15_06880"
"1318","QV15_06885","QV15_06885"
"1319","QV15_06890","QV15_06890"
"1320","QV15_06895","QV15_06895"
"1321","QV15_06905","QV15_06905"
"1322","QV15_06910","QV15_06910"
"1323","QV15_06915","QV15_06915"
"1324","QV15_06920","QV15_06920"
"1325","QV15_06935","QV15_06935"
"1326","QV15_06940","QV15_06940"
"1327","QV15_06945","QV15_06945"
"1328","QV15_06950","QV15_06950"
"1329","QV15_06955","QV15_06955"
"1330","QV15_06960","QV15_06960"
"1331","QV15_06965","QV15_06965"
"1332","QV15_06970","QV15_06970"
"1333","QV15_06975","QV15_06975"
"1334","QV15_06980","QV15_06980"
"1335","QV15_06985","QV15_06985"
"1336","QV15_06990","QV15_06990"
"1337","QV15_06995","QV15_06995"
"1338","QV15_07000","QV15_07000"
"1339","QV15_07005","QV15_07005"
"1340","QV15_07010","QV15_07010"
"1341","QV15_07015","QV15_07015"
"1342","QV15_07020","QV15_07020"
"1343","QV15_07025","QV15_07025"
"1344","QV15_07030","QV15_07030"
"1345","QV15_07035","QV15_07035"
"1346","QV15_07040","QV15_07040"
"1347","QV15_07045","QV15_07045"
"1348","QV15_07050","QV15_07050"
"1349","QV15_07055","QV15_07055"
"1350","QV15_07060","QV15_07060"
"1351","QV15_07065","QV15_07065"
"1352","QV15_07070","QV15_07070"
"1353","QV15_07075","QV15_07075"
"1354","QV15_07080","QV15_07080"
"1355","QV15_07085","QV15_07085"
"1356","QV15_07090","QV15_07090"
"1357","QV15_07095","QV15_07095"
"1358","asnC","QV15_07100"
"1359","QV15_07105","QV15_07105"
"1360","QV15_07110","QV15_07110"
"1361","QV15_07115","QV15_07115"
"1362","QV15_07120","QV15_07120"
"1363","QV15_07125","QV15_07125"
"1364","QV15_07130","QV15_07130"
"1365","QV15_07135","QV15_07135"
"1366","QV15_07140","QV15_07140"
"1367","QV15_07145","QV15_07145"
"1368","QV15_07150","QV15_07150"
"1369","QV15_07155","QV15_07155"
"1370","QV15_07160","QV15_07160"
"1371","QV15_07165","QV15_07165"
"1372","QV15_07170","QV15_07170"
"1373","QV15_07175","QV15_07175"
"1374","QV15_07180","QV15_07180"
"1375","QV15_07185","QV15_07185"
"1376","QV15_07190","QV15_07190"
"1377","QV15_07195","QV15_07195"
"1378","engA","QV15_07200"
"1379","QV15_07205","QV15_07205"
"1380","QV15_07210","QV15_07210"
"1381","QV15_07215","QV15_07215"
"1382","QV15_07220","QV15_07220"
"1383","QV15_07225","QV15_07225"
"1384","QV15_07230","QV15_07230"
"1385","QV15_07235","QV15_07235"
"1386","QV15_07240","QV15_07240"
"1387","QV15_07245","QV15_07245"
"1388","QV15_07250","QV15_07250"
"1389","QV15_07255","QV15_07255"
"1390","QV15_07260","QV15_07260"
"1391","QV15_07265","QV15_07265"
"1392","QV15_07270","QV15_07270"
"1393","QV15_07275","QV15_07275"
"1394","QV15_07280","QV15_07280"
"1395","QV15_07285","QV15_07285"
"1396","QV15_07290","QV15_07290"
"1397","QV15_07295","QV15_07295"
"1398","QV15_07300","QV15_07300"
"1399","QV15_07305","QV15_07305"
"1400","QV15_07310","QV15_07310"
"1401","QV15_07315","QV15_07315"
"1402","QV15_07320","QV15_07320"
"1403","QV15_07325","QV15_07325"
"1404","QV15_07330","QV15_07330"
"1405","QV15_07335","QV15_07335"
"1406","QV15_07340","QV15_07340"
"1407","QV15_07345","QV15_07345"
"1408","QV15_07350","QV15_07350"
"1409","QV15_07355","QV15_07355"
"1410","QV15_07360","QV15_07360"
"1411","QV15_07365","QV15_07365"
"1412","QV15_07370","QV15_07370"
"1413","QV15_07375","QV15_07375"
"1414","QV15_07380","QV15_07380"
"1415","QV15_07385","QV15_07385"
"1416","QV15_07390","QV15_07390"
"1417","QV15_07395","QV15_07395"
"1418","QV15_07405","QV15_07405"
"1419","QV15_07410","QV15_07410"
"1420","QV15_07415","QV15_07415"
"1421","QV15_07420","QV15_07420"
"1422","QV15_07425","QV15_07425"
"1423","QV15_07430","QV15_07430"
"1424","QV15_07435","QV15_07435"
"1425","QV15_07440","QV15_07440"
"1426","QV15_07445","QV15_07445"
"1427","QV15_07450","QV15_07450"
"1428","QV15_07455","QV15_07455"
"1429","QV15_07460","QV15_07460"
"1430","QV15_07465","QV15_07465"
"1431","QV15_07470","QV15_07470"
"1432","QV15_07475","QV15_07475"
"1433","QV15_07480","QV15_07480"
"1434","QV15_07485","QV15_07485"
"1435","QV15_07490","QV15_07490"
"1436","QV15_07495","QV15_07495"
"1437","QV15_07500","QV15_07500"
"1438","QV15_07505","QV15_07505"
"1439","QV15_07510","QV15_07510"
"1440","QV15_07515","QV15_07515"
"1441","QV15_07520","QV15_07520"
"1442","QV15_07525","QV15_07525"
"1443","QV15_07530","QV15_07530"
"1444","QV15_07535","QV15_07535"
"1445","QV15_07540","QV15_07540"
"1446","QV15_07545","QV15_07545"
"1447","QV15_07550","QV15_07550"
"1448","QV15_07555","QV15_07555"
"1449","QV15_07560","QV15_07560"
"1450","QV15_07565","QV15_07565"
"1451","QV15_07570","QV15_07570"
"1452","QV15_07575","QV15_07575"
"1453","QV15_07580","QV15_07580"
"1454","QV15_07585","QV15_07585"
"1455","QV15_07590","QV15_07590"
"1456","QV15_07595","QV15_07595"
"1457","QV15_07600","QV15_07600"
"1458","QV15_07605","QV15_07605"
"1459","QV15_07610","QV15_07610"
"1460","QV15_07615","QV15_07615"
"1461","QV15_07620","QV15_07620"
"1462","QV15_07625","QV15_07625"
"1463","QV15_07630","QV15_07630"
"1464","QV15_07635","QV15_07635"
"1465","QV15_07640","QV15_07640"
"1466","QV15_07645","QV15_07645"
"1467","QV15_07650","QV15_07650"
"1468","QV15_07655","QV15_07655"
"1469","QV15_07660","QV15_07660"
"1470","QV15_07665","QV15_07665"
"1471","QV15_07670","QV15_07670"
"1472","QV15_07675","QV15_07675"
"1473","QV15_07680","QV15_07680"
"1474","QV15_07685","QV15_07685"
"1475","QV15_07690","QV15_07690"
"1476","recO","QV15_07695"
"1477","era","QV15_07700"
"1478","QV15_07705","QV15_07705"
"1479","QV15_07710","QV15_07710"
"1480","QV15_07715","QV15_07715"
"1481","QV15_07720","QV15_07720"
"1482","QV15_07725","QV15_07725"
"1483","QV15_07730","QV15_07730"
"1484","QV15_07735","QV15_07735"
"1485","QV15_07740","QV15_07740"
"1486","QV15_07745","QV15_07745"
"1487","QV15_07750","QV15_07750"
"1488","QV15_07755","QV15_07755"
"1489","QV15_07760","QV15_07760"
"1490","dnaK","QV15_07765"
"1491","QV15_07770","QV15_07770"
"1492","QV15_07775","QV15_07775"
"1493","QV15_07780","QV15_07780"
"1494","QV15_07785","QV15_07785"
"1495","QV15_07790","QV15_07790"
"1496","QV15_07795","QV15_07795"
"1497","QV15_07800","QV15_07800"
"1498","QV15_07805","QV15_07805"
"1499","QV15_07810","QV15_07810"
"1500","QV15_07815","QV15_07815"
"1501","QV15_07820","QV15_07820"
"1502","QV15_07825","QV15_07825"
"1503","QV15_07830","QV15_07830"
"1504","QV15_07835","QV15_07835"
"1505","QV15_07840","QV15_07840"
"1506","QV15_07845","QV15_07845"
"1507","QV15_07850","QV15_07850"
"1508","QV15_07855","QV15_07855"
"1509","QV15_07865","QV15_07865"
"1510","QV15_07870","QV15_07870"
"1511","QV15_07880","QV15_07880"
"1512","QV15_07885","QV15_07885"
"1513","QV15_07890","QV15_07890"
"1514","QV15_07895","QV15_07895"
"1515","QV15_07900","QV15_07900"
"1516","QV15_07905","QV15_07905"
"1517","QV15_07910","QV15_07910"
"1518","QV15_07915","QV15_07915"
"1519","QV15_07920","QV15_07920"
"1520","QV15_07925","QV15_07925"
"1521","QV15_07930","QV15_07930"
"1522","QV15_07935","QV15_07935"
"1523","QV15_07940","QV15_07940"
"1524","QV15_07945","QV15_07945"
"1525","QV15_07950","QV15_07950"
"1526","QV15_07955","QV15_07955"
"1527","alaS","QV15_07960"
"1528","QV15_07965","QV15_07965"
"1529","QV15_07970","QV15_07970"
"1530","QV15_07975","QV15_07975"
"1531","QV15_07980","QV15_07980"
"1532","QV15_07985","QV15_07985"
"1533","QV15_07990","QV15_07990"
"1534","QV15_07995","QV15_07995"
"1535","QV15_08000","QV15_08000"
"1536","QV15_08005","QV15_08005"
"1537","QV15_08010","QV15_08010"
"1538","QV15_08015","QV15_08015"
"1539","aspS","QV15_08020"
"1540","QV15_08025","QV15_08025"
"1541","QV15_08030","QV15_08030"
"1542","QV15_08035","QV15_08035"
"1543","QV15_08040","QV15_08040"
"1544","QV15_08045","QV15_08045"
"1545","QV15_08050","QV15_08050"
"1546","QV15_08055","QV15_08055"
"1547","QV15_08060","QV15_08060"
"1548","QV15_08065","QV15_08065"
"1549","QV15_08070","QV15_08070"
"1550","QV15_08075","QV15_08075"
"1551","QV15_08080","QV15_08080"
"1552","QV15_08085","QV15_08085"
"1553","QV15_08090","QV15_08090"
"1554","QV15_08095","QV15_08095"
"1555","QV15_08100","QV15_08100"
"1556","QV15_08105","QV15_08105"
"1557","QV15_08110","QV15_08110"
"1558","QV15_08115","QV15_08115"
"1559","QV15_08120","QV15_08120"
"1560","QV15_08125","QV15_08125"
"1561","QV15_08130","QV15_08130"
"1562","QV15_08135","QV15_08135"
"1563","QV15_08140","QV15_08140"
"1564","QV15_08150","QV15_08150"
"1565","valS","QV15_08155"
"1566","QV15_08160","QV15_08160"
"1567","QV15_08165","QV15_08165"
"1568","QV15_08170","QV15_08170"
"1569","QV15_08180","QV15_08180"
"1570","QV15_08185","QV15_08185"
"1571","QV15_08190","QV15_08190"
"1572","QV15_08195","QV15_08195"
"1573","QV15_08200","QV15_08200"
"1574","QV15_08205","QV15_08205"
"1575","engB","QV15_08210"
"1576","QV15_08215","QV15_08215"
"1577","tig","QV15_08220"
"1578","QV15_08225","QV15_08225"
"1579","QV15_08230","QV15_08230"
"1580","QV15_08235","QV15_08235"
"1581","QV15_08240","QV15_08240"
"1582","QV15_08245","QV15_08245"
"1583","rpmI","QV15_08250"
"1584","QV15_08255","QV15_08255"
"1585","QV15_08260","QV15_08260"
"1586","QV15_08265","QV15_08265"
"1587","QV15_08270","QV15_08270"
"1588","QV15_08275","QV15_08275"
"1589","QV15_08280","QV15_08280"
"1590","nrdR","QV15_08285"
"1591","QV15_08290","QV15_08290"
"1592","QV15_08295","QV15_08295"
"1593","QV15_08300","QV15_08300"
"1594","QV15_08305","QV15_08305"
"1595","QV15_08310","QV15_08310"
"1596","QV15_08315","QV15_08315"
"1597","QV15_08320","QV15_08320"
"1598","QV15_08325","QV15_08325"
"1599","QV15_08330","QV15_08330"
"1600","QV15_08335","QV15_08335"
"1601","QV15_08340","QV15_08340"
"1602","QV15_08345","QV15_08345"
"1603","QV15_08350","QV15_08350"
"1604","QV15_08355","QV15_08355"
"1605","QV15_08360","QV15_08360"
"1606","QV15_08365","QV15_08365"
"1607","QV15_08370","QV15_08370"
"1608","QV15_08375","QV15_08375"
"1609","QV15_08380","QV15_08380"
"1610","QV15_08385","QV15_08385"
"1611","QV15_08390","QV15_08390"
"1612","QV15_08395","QV15_08395"
"1613","QV15_08400","QV15_08400"
"1614","QV15_08405","QV15_08405"
"1615","QV15_08410","QV15_08410"
"1616","QV15_08415","QV15_08415"
"1617","QV15_08420","QV15_08420"
"1618","QV15_08425","QV15_08425"
"1619","QV15_08430","QV15_08430"
"1620","QV15_08435","QV15_08435"
"1621","QV15_08440","QV15_08440"
"1622","QV15_08445","QV15_08445"
"1623","QV15_08455","QV15_08455"
"1624","QV15_08460","QV15_08460"
"1625","QV15_08465","QV15_08465"
"1626","QV15_08470","QV15_08470"
"1627","QV15_08480","QV15_08480"
"1628","QV15_08485","QV15_08485"
"1629","QV15_08490","QV15_08490"
"1630","QV15_08495","QV15_08495"
"1631","QV15_08500","QV15_08500"
"1632","QV15_08505","QV15_08505"
"1633","QV15_08510","QV15_08510"
"1634","QV15_08515","QV15_08515"
"1635","QV15_08520","QV15_08520"
"1636","QV15_08525","QV15_08525"
"1637","QV15_08530","QV15_08530"
"1638","QV15_08545","QV15_08545"
"1639","QV15_08550","QV15_08550"
"1640","QV15_08555","QV15_08555"
"1641","QV15_08560","QV15_08560"
"1642","QV15_08565","QV15_08565"
"1643","QV15_08570","QV15_08570"
"1644","QV15_08575","QV15_08575"
"1645","QV15_08580","QV15_08580"
"1646","QV15_08585","QV15_08585"
"1647","QV15_08590","QV15_08590"
"1648","QV15_08595","QV15_08595"
"1649","QV15_08600","QV15_08600"
"1650","QV15_08605","QV15_08605"
"1651","QV15_08610","QV15_08610"
"1652","QV15_08615","QV15_08615"
"1653","QV15_08620","QV15_08620"
"1654","QV15_08625","QV15_08625"
"1655","QV15_08630","QV15_08630"
"1656","QV15_08635","QV15_08635"
"1657","QV15_08640","QV15_08640"
"1658","QV15_08645","QV15_08645"
"1659","QV15_08650","QV15_08650"
"1660","QV15_08655","QV15_08655"
"1661","QV15_08660","QV15_08660"
"1662","QV15_08665","QV15_08665"
"1663","QV15_08670","QV15_08670"
"1664","QV15_08675","QV15_08675"
"1665","QV15_08680","QV15_08680"
"1666","QV15_08685","QV15_08685"
"1667","QV15_08690","QV15_08690"
"1668","QV15_08695","QV15_08695"
"1669","QV15_08700","QV15_08700"
"1670","QV15_08705","QV15_08705"
"1671","QV15_08710","QV15_08710"
"1672","QV15_08715","QV15_08715"
"1673","QV15_08720","QV15_08720"
"1674","QV15_08725","QV15_08725"
"1675","QV15_08730","QV15_08730"
"1676","QV15_08735","QV15_08735"
"1677","QV15_08740","QV15_08740"
"1678","QV15_08745","QV15_08745"
"1679","QV15_08750","QV15_08750"
"1680","QV15_08755","QV15_08755"
"1681","QV15_08760","QV15_08760"
"1682","QV15_08765","QV15_08765"
"1683","QV15_08770","QV15_08770"
"1684","QV15_08775","QV15_08775"
"1685","QV15_08780","QV15_08780"
"1686","QV15_08785","QV15_08785"
"1687","QV15_08790","QV15_08790"
"1688","QV15_08795","QV15_08795"
"1689","QV15_08800","QV15_08800"
"1690","QV15_08805","QV15_08805"
"1691","QV15_08810","QV15_08810"
"1692","QV15_08815","QV15_08815"
"1693","QV15_08820","QV15_08820"
"1694","QV15_08825","QV15_08825"
"1695","QV15_08830","QV15_08830"
"1696","QV15_08835","QV15_08835"
"1697","QV15_08840","QV15_08840"
"1698","QV15_08845","QV15_08845"
"1699","QV15_08850","QV15_08850"
"1700","QV15_08855","QV15_08855"
"1701","QV15_08860","QV15_08860"
"1702","QV15_08865","QV15_08865"
"1703","QV15_08870","QV15_08870"
"1704","QV15_08875","QV15_08875"
"1705","QV15_08880","QV15_08880"
"1706","QV15_08885","QV15_08885"
"1707","QV15_08890","QV15_08890"
"1708","QV15_08895","QV15_08895"
"1709","QV15_08900","QV15_08900"
"1710","QV15_08905","QV15_08905"
"1711","QV15_08910","QV15_08910"
"1712","QV15_08915","QV15_08915"
"1713","QV15_08920","QV15_08920"
"1714","QV15_08925","QV15_08925"
"1715","QV15_08930","QV15_08930"
"1716","QV15_08935","QV15_08935"
"1717","QV15_08940","QV15_08940"
"1718","QV15_08945","QV15_08945"
"1719","QV15_08950","QV15_08950"
"1720","QV15_08960","QV15_08960"
"1721","QV15_08965","QV15_08965"
"1722","QV15_08970","QV15_08970"
"1723","QV15_08975","QV15_08975"
"1724","QV15_08980","QV15_08980"
"1725","QV15_08985","QV15_08985"
"1726","QV15_08990","QV15_08990"
"1727","QV15_08995","QV15_08995"
"1728","QV15_09000","QV15_09000"
"1729","QV15_09005","QV15_09005"
"1730","QV15_09010","QV15_09010"
"1731","QV15_09020","QV15_09020"
"1732","QV15_09025","QV15_09025"
"1733","QV15_09035","QV15_09035"
"1734","QV15_09040","QV15_09040"
"1735","QV15_09045","QV15_09045"
"1736","QV15_09050","QV15_09050"
"1737","QV15_09055","QV15_09055"
"1738","QV15_09060","QV15_09060"
"1739","QV15_09070","QV15_09070"
"1740","QV15_09075","QV15_09075"
"1741","QV15_09080","QV15_09080"
"1742","QV15_09085","QV15_09085"
"1743","QV15_09090","QV15_09090"
"1744","QV15_09095","QV15_09095"
"1745","QV15_09140","QV15_09140"
"1746","QV15_09145","QV15_09145"
"1747","QV15_09150","QV15_09150"
"1748","QV15_09155","QV15_09155"
"1749","QV15_09160","QV15_09160"
"1750","QV15_09170","QV15_09170"
"1751","QV15_09175","QV15_09175"
"1752","QV15_09180","QV15_09180"
"1753","QV15_09185","QV15_09185"
"1754","QV15_09190","QV15_09190"
"1755","QV15_09195","QV15_09195"
"1756","QV15_09200","QV15_09200"
"1757","QV15_09205","QV15_09205"
"1758","QV15_09210","QV15_09210"
"1759","QV15_09215","QV15_09215"
"1760","QV15_09220","QV15_09220"
"1761","QV15_09225","QV15_09225"
"1762","QV15_09230","QV15_09230"
"1763","QV15_09235","QV15_09235"
"1764","QV15_09240","QV15_09240"
"1765","QV15_09245","QV15_09245"
"1766","QV15_09250","QV15_09250"
"1767","QV15_09255","QV15_09255"
"1768","QV15_09260","QV15_09260"
"1769","QV15_09270","QV15_09270"
"1770","QV15_09275","QV15_09275"
"1771","QV15_09280","QV15_09280"
"1772","QV15_09285","QV15_09285"
"1773","glnQ","QV15_09290"
"1774","QV15_09295","QV15_09295"
"1775","QV15_09300","QV15_09300"
"1776","QV15_09445","QV15_09445"
"1777","QV15_09450","QV15_09450"
"1778","QV15_09455","QV15_09455"
"1779","QV15_09460","QV15_09460"
"1780","QV15_09465","QV15_09465"
"1781","QV15_09475","QV15_09475"
"1782","QV15_09480","QV15_09480"
"1783","QV15_09485","QV15_09485"
"1784","QV15_09490","QV15_09490"
"1785","QV15_09495","QV15_09495"
"1786","QV15_09500","QV15_09500"
"1787","QV15_09505","QV15_09505"
"1788","QV15_09510","QV15_09510"
"1789","QV15_09515","QV15_09515"
"1790","QV15_09520","QV15_09520"
"1791","QV15_09525","QV15_09525"
"1792","QV15_09530","QV15_09530"
"1793","QV15_09535","QV15_09535"
"1794","QV15_09540","QV15_09540"
"1795","QV15_09545","QV15_09545"
"1796","QV15_09550","QV15_09550"
"1797","QV15_09555","QV15_09555"
"1798","QV15_09560","QV15_09560"
"1799","QV15_09565","QV15_09565"
"1800","QV15_09570","QV15_09570"
"1801","QV15_09575","QV15_09575"
"1802","QV15_09580","QV15_09580"
"1803","QV15_09585","QV15_09585"
"1804","QV15_09590","QV15_09590"
"1805","QV15_09595","QV15_09595"
"1806","QV15_09600","QV15_09600"
"1807","QV15_09605","QV15_09605"
"1808","QV15_09610","QV15_09610"
"1809","QV15_09615","QV15_09615"
"1810","QV15_09620","QV15_09620"
"1811","QV15_09625","QV15_09625"
"1812","QV15_09630","QV15_09630"
"1813","QV15_09635","QV15_09635"
"1814","QV15_09640","QV15_09640"
"1815","QV15_09645","QV15_09645"
"1816","QV15_09650","QV15_09650"
"1817","QV15_09655","QV15_09655"
"1818","QV15_09660","QV15_09660"
"1819","gatA","QV15_09665"
"1820","QV15_09670","QV15_09670"
"1821","QV15_09675","QV15_09675"
"1822","QV15_09680","QV15_09680"
"1823","ligA","QV15_09685"
"1824","QV15_09690","QV15_09690"
"1825","QV15_09695","QV15_09695"
"1826","QV15_09700","QV15_09700"
"1827","QV15_09705","QV15_09705"
"1828","QV15_09710","QV15_09710"
"1829","QV15_09715","QV15_09715"
"1830","QV15_09720","QV15_09720"
"1831","QV15_09725","QV15_09725"
"1832","QV15_09730","QV15_09730"
"1833","QV15_09735","QV15_09735"
"1834","QV15_09740","QV15_09740"
"1835","QV15_09745","QV15_09745"
"1836","QV15_09750","QV15_09750"
"1837","QV15_09755","QV15_09755"
"1838","QV15_09760","QV15_09760"
"1839","QV15_09765","QV15_09765"
"1840","QV15_09770","QV15_09770"
"1841","QV15_09775","QV15_09775"
"1842","QV15_09780","QV15_09780"
"1843","QV15_09785","QV15_09785"
"1844","QV15_09790","QV15_09790"
"1845","QV15_09795","QV15_09795"
"1846","QV15_09800","QV15_09800"
"1847","QV15_09805","QV15_09805"
"1848","QV15_09810","QV15_09810"
"1849","QV15_09815","QV15_09815"
"1850","QV15_09820","QV15_09820"
"1851","QV15_09825","QV15_09825"
"1852","QV15_09830","QV15_09830"
"1853","QV15_09835","QV15_09835"
"1854","QV15_09840","QV15_09840"
"1855","QV15_09845","QV15_09845"
"1856","QV15_09850","QV15_09850"
"1857","QV15_09855","QV15_09855"
"1858","QV15_09860","QV15_09860"
"1859","QV15_09865","QV15_09865"
"1860","QV15_09870","QV15_09870"
"1861","QV15_09875","QV15_09875"
"1862","QV15_09880","QV15_09880"
"1863","QV15_09885","QV15_09885"
"1864","QV15_09890","QV15_09890"
"1865","QV15_09895","QV15_09895"
"1866","QV15_09900","QV15_09900"
"1867","QV15_09905","QV15_09905"
"1868","QV15_09910","QV15_09910"
"1869","QV15_09915","QV15_09915"
"1870","QV15_09920","QV15_09920"
"1871","QV15_09925","QV15_09925"
"1872","QV15_09930","QV15_09930"
"1873","QV15_09935","QV15_09935"
"1874","QV15_09940","QV15_09940"
"1875","QV15_09945","QV15_09945"
"1876","QV15_09950","QV15_09950"
"1877","QV15_09955","QV15_09955"
"1878","QV15_09960","QV15_09960"
"1879","QV15_09965","QV15_09965"
"1880","QV15_09970","QV15_09970"
"1881","QV15_09975","QV15_09975"
"1882","QV15_09980","QV15_09980"
"1883","QV15_09985","QV15_09985"
"1884","QV15_09990","QV15_09990"
"1885","QV15_09995","QV15_09995"
"1886","QV15_10000","QV15_10000"
"1887","QV15_10005","QV15_10005"
"1888","QV15_10010","QV15_10010"
"1889","QV15_10015","QV15_10015"
"1890","QV15_10020","QV15_10020"
"1891","QV15_10025","QV15_10025"
"1892","QV15_10030","QV15_10030"
"1893","QV15_10035","QV15_10035"
"1894","QV15_10040","QV15_10040"
"1895","QV15_10045","QV15_10045"
"1896","QV15_10050","QV15_10050"
"1897","QV15_10055","QV15_10055"
"1898","QV15_10060","QV15_10060"
"1899","QV15_10065","QV15_10065"
"1900","QV15_10070","QV15_10070"
"1901","QV15_10075","QV15_10075"
"1902","QV15_10080","QV15_10080"
"1903","QV15_10085","QV15_10085"
"1904","QV15_10095","QV15_10095"
"1905","QV15_10100","QV15_10100"
"1906","QV15_10105","QV15_10105"
"1907","QV15_10110","QV15_10110"
"1908","QV15_10115","QV15_10115"
"1909","QV15_10120","QV15_10120"
"1910","QV15_10125","QV15_10125"
"1911","QV15_10130","QV15_10130"
"1912","QV15_10135","QV15_10135"
"1913","QV15_10140","QV15_10140"
"1914","QV15_10145","QV15_10145"
"1915","QV15_10150","QV15_10150"
"1916","QV15_10155","QV15_10155"
"1917","QV15_10160","QV15_10160"
"1918","QV15_10165","QV15_10165"
"1919","QV15_10170","QV15_10170"
"1920","QV15_10175","QV15_10175"
"1921","QV15_10180","QV15_10180"
"1922","QV15_10185","QV15_10185"
"1923","QV15_10190","QV15_10190"
"1924","QV15_10195","QV15_10195"
"1925","QV15_10200","QV15_10200"
"1926","QV15_10205","QV15_10205"
"1927","QV15_10210","QV15_10210"
"1928","QV15_10220","QV15_10220"
"1929","QV15_10225","QV15_10225"
"1930","QV15_10230","QV15_10230"
"1931","QV15_10235","QV15_10235"
"1932","QV15_10240","QV15_10240"
"1933","QV15_10245","QV15_10245"
"1934","QV15_10250","QV15_10250"
"1935","QV15_10255","QV15_10255"
"1936","QV15_10260","QV15_10260"
"1937","QV15_10265","QV15_10265"
"1938","QV15_10270","QV15_10270"
"1939","QV15_10275","QV15_10275"
"1940","QV15_10280","QV15_10280"
"1941","QV15_10285","QV15_10285"
"1942","QV15_10290","QV15_10290"
"1943","QV15_10295","QV15_10295"
"1944","QV15_10300","QV15_10300"
"1945","QV15_10305","QV15_10305"
"1946","QV15_10310","QV15_10310"
"1947","QV15_10315","QV15_10315"
"1948","QV15_10320","QV15_10320"
"1949","QV15_10325","QV15_10325"
"1950","QV15_10330","QV15_10330"
"1951","QV15_10335","QV15_10335"
"1952","QV15_10340","QV15_10340"
"1953","QV15_10345","QV15_10345"
"1954","QV15_10350","QV15_10350"
"1955","QV15_10355","QV15_10355"
"1956","groEL","QV15_10360"
"1957","QV15_10365","QV15_10365"
"1958","QV15_10370","QV15_10370"
"1959","QV15_10375","QV15_10375"
"1960","QV15_10380","QV15_10380"
"1961","QV15_10385","QV15_10385"
"1962","QV15_10390","QV15_10390"
"1963","QV15_10395","QV15_10395"
"1964","QV15_10400","QV15_10400"
"1965","QV15_10405","QV15_10405"
"1966","QV15_10410","QV15_10410"
"1967","QV15_10415","QV15_10415"
"1968","QV15_10420","QV15_10420"
"1969","QV15_10425","QV15_10425"
"1970","QV15_10430","QV15_10430"
"1971","QV15_10435","QV15_10435"
"1972","QV15_10440","QV15_10440"
"1973","QV15_10445","QV15_10445"
"1974","QV15_10450","QV15_10450"
"1975","QV15_10455","QV15_10455"
"1976","QV15_10460","QV15_10460"
"1977","QV15_10465","QV15_10465"
"1978","QV15_10470","QV15_10470"
"1979","QV15_10475","QV15_10475"
"1980","QV15_10480","QV15_10480"
"1981","QV15_10485","QV15_10485"
"1982","QV15_10490","QV15_10490"
"1983","QV15_10495","QV15_10495"
"1984","QV15_10500","QV15_10500"
"1985","QV15_10505","QV15_10505"
"1986","QV15_10510","QV15_10510"
"1987","QV15_10515","QV15_10515"
"1988","QV15_10520","QV15_10520"
"1989","leuD","QV15_10525"
"1990","QV15_10530","QV15_10530"
"1991","QV15_10535","QV15_10535"
"1992","QV15_10560","QV15_10560"
"1993","QV15_10565","QV15_10565"
"1994","QV15_10570","QV15_10570"
"1995","QV15_10575","QV15_10575"
"1996","QV15_10580","QV15_10580"
"1997","QV15_10585","QV15_10585"
"1998","QV15_10590","QV15_10590"
"1999","QV15_10595","QV15_10595"
"2000","QV15_10600","QV15_10600"
"2001","QV15_10605","QV15_10605"
"2002","QV15_10610","QV15_10610"
"2003","QV15_10615","QV15_10615"
"2004","QV15_10620","QV15_10620"
"2005","QV15_10625","QV15_10625"
"2006","QV15_10630","QV15_10630"
"2007","QV15_10635","QV15_10635"
"2008","QV15_10640","QV15_10640"
"2009","QV15_10645","QV15_10645"
"2010","QV15_10650","QV15_10650"
"2011","QV15_10655","QV15_10655"
"2012","QV15_10660","QV15_10660"
"2013","QV15_10665","QV15_10665"
"2014","ddl","QV15_10670"
"2015","QV15_10675","QV15_10675"
"2016","QV15_10680","QV15_10680"
"2017","QV15_10685","QV15_10685"
"2018","QV15_10690","QV15_10690"
"2019","QV15_10695","QV15_10695"
"2020","QV15_10700","QV15_10700"
"2021","QV15_10705","QV15_10705"
"2022","QV15_10715","QV15_10715"
"2023","thiE","QV15_10720"
"2024","QV15_10725","QV15_10725"
"2025","QV15_10730","QV15_10730"
"2026","QV15_10735","QV15_10735"
"2027","QV15_10740","QV15_10740"
"2028","QV15_10745","QV15_10745"
"2029","QV15_10750","QV15_10750"
"2030","QV15_10755","QV15_10755"
"2031","QV15_10760","QV15_10760"
"2032","QV15_10765","QV15_10765"
"2033","QV15_10770","QV15_10770"
"2034","QV15_10780","QV15_10780"
"2035","QV15_10785","QV15_10785"
"2036","QV15_10790","QV15_10790"
"2037","QV15_10795","QV15_10795"
"2038","QV15_10800","QV15_10800"
"2039","QV15_10805","QV15_10805"
"2040","QV15_10810","QV15_10810"
"2041","QV15_10815","QV15_10815"
"2042","QV15_10820","QV15_10820"
"2043","QV15_10825","QV15_10825"
"2044","upp","QV15_10830"
"2045","QV15_10835","QV15_10835"
"2046","QV15_10840","QV15_10840"
"2047","QV15_10845","QV15_10845"
"2048","QV15_10850","QV15_10850"
"2049","QV15_10855","QV15_10855"
"2050","QV15_10860","QV15_10860"
"2051","QV15_10865","QV15_10865"
"2052","QV15_10870","QV15_10870"
"2053","rpmE2","QV15_10875"
"2054","QV15_10880","QV15_10880"
"2055","QV15_10885","QV15_10885"
"2056","QV15_10890","QV15_10890"
"2057","QV15_10895","QV15_10895"
"2058","QV15_10900","QV15_10900"
"2059","QV15_10905","QV15_10905"
"2060","QV15_10910","QV15_10910"
"2061","QV15_10915","QV15_10915"
"2062","QV15_10920","QV15_10920"
"2063","QV15_10925","QV15_10925"
"2064","QV15_10930","QV15_10930"
"2065","QV15_10935","QV15_10935"
"2066","QV15_10940","QV15_10940"
"2067","QV15_10945","QV15_10945"
"2068","QV15_10950","QV15_10950"
"2069","deoA","QV15_10955"
"2070","QV15_10960","QV15_10960"
"2071","QV15_10965","QV15_10965"
"2072","QV15_10970","QV15_10970"
"2073","QV15_10975","QV15_10975"
"2074","QV15_10980","QV15_10980"
"2075","QV15_10985","QV15_10985"
"2076","QV15_10990","QV15_10990"
"2077","QV15_10995","QV15_10995"
"2078","QV15_11000","QV15_11000"
"2079","QV15_11005","QV15_11005"
"2080","QV15_11010","QV15_11010"
"2081","QV15_11015","QV15_11015"
"2082","QV15_11020","QV15_11020"
"2083","QV15_11025","QV15_11025"
"2084","QV15_11030","QV15_11030"
"2085","QV15_11035","QV15_11035"
"2086","QV15_11040","QV15_11040"
"2087","QV15_11045","QV15_11045"
"2088","QV15_11050","QV15_11050"
"2089","QV15_11055","QV15_11055"
"2090","QV15_11060","QV15_11060"
"2091","QV15_11065","QV15_11065"
"2092","QV15_11070","QV15_11070"
"2093","QV15_11075","QV15_11075"
"2094","QV15_11080","QV15_11080"
"2095","QV15_11085","QV15_11085"
"2096","QV15_11125","QV15_11125"
"2097","QV15_11130","QV15_11130"
"2098","QV15_11140","QV15_11140"
"2099","QV15_11145","QV15_11145"
"2100","QV15_11150","QV15_11150"
"2101","QV15_11155","QV15_11155"
"2102","QV15_11160","QV15_11160"
"2103","QV15_11165","QV15_11165"
"2104","QV15_11170","QV15_11170"
"2105","fecD","QV15_11175"
"2106","QV15_11180","QV15_11180"
"2107","QV15_11185","QV15_11185"
"2108","QV15_11190","QV15_11190"
"2109","QV15_11195","QV15_11195"
"2110","QV15_11200","QV15_11200"
"2111","QV15_11205","QV15_11205"
"2112","QV15_11210","QV15_11210"
"2113","QV15_11215","QV15_11215"
"2114","QV15_11220","QV15_11220"
"2115","QV15_11225","QV15_11225"
"2116","QV15_11230","QV15_11230"
"2117","QV15_11235","QV15_11235"
"2118","QV15_11240","QV15_11240"
"2119","QV15_11245","QV15_11245"
"2120","QV15_11250","QV15_11250"
"2121","QV15_11255","QV15_11255"
"2122","QV15_11260","QV15_11260"
"2123","QV15_11265","QV15_11265"
"2124","QV15_11270","QV15_11270"
"2125","QV15_11275","QV15_11275"
"2126","QV15_11280","QV15_11280"
"2127","QV15_11285","QV15_11285"
"2128","QV15_11290","QV15_11290"
"2129","QV15_11300","QV15_11300"
"2130","QV15_11305","QV15_11305"
"2131","QV15_11310","QV15_11310"
"2132","QV15_11315","QV15_11315"
"2133","QV15_11320","QV15_11320"
"2134","QV15_11325","QV15_11325"
"2135","QV15_11330","QV15_11330"
"2136","QV15_11335","QV15_11335"
"2137","QV15_11340","QV15_11340"
"2138","QV15_11345","QV15_11345"
"2139","QV15_11350","QV15_11350"
"2140","QV15_11355","QV15_11355"
"2141","QV15_11365","QV15_11365"
"2142","QV15_11370","QV15_11370"
"2143","QV15_11375","QV15_11375"
"2144","QV15_11380","QV15_11380"
"2145","QV15_11385","QV15_11385"
"2146","QV15_11390","QV15_11390"
"2147","QV15_11395","QV15_11395"
"2148","cbiO","QV15_11400"
"2149","QV15_11415","QV15_11415"
"2150","QV15_11420","QV15_11420"
"2151","QV15_11425","QV15_11425"
"2152","QV15_11430","QV15_11430"
"2153","rpmJ","QV15_11435"
"2154","infA","QV15_11440"
"2155","QV15_11445","QV15_11445"
"2156","QV15_11450","QV15_11450"
"2157","QV15_11455","QV15_11455"
"2158","QV15_11460","QV15_11460"
"2159","QV15_11465","QV15_11465"
"2160","QV15_11470","QV15_11470"
"2161","QV15_11475","QV15_11475"
"2162","QV15_11480","QV15_11480"
"2163","rpsN","QV15_11485"
"2164","QV15_11490","QV15_11490"
"2165","QV15_11495","QV15_11495"
"2166","QV15_11500","QV15_11500"
"2167","QV15_11505","QV15_11505"
"2168","QV15_11510","QV15_11510"
"2169","QV15_11515","QV15_11515"
"2170","QV15_11520","QV15_11520"
"2171","QV15_11525","QV15_11525"
"2172","QV15_11530","QV15_11530"
"2173","rplB","QV15_11535"
"2174","QV15_11540","QV15_11540"
"2175","QV15_11545","QV15_11545"
"2176","QV15_11550","QV15_11550"
"2177","QV15_11555","QV15_11555"
"2178","QV15_11560","QV15_11560"
"2179","QV15_11565","QV15_11565"
"2180","QV15_11570","QV15_11570"
"2181","QV15_11575","QV15_11575"
"2182","QV15_11580","QV15_11580"
"2183","QV15_11585","QV15_11585"
"2184","QV15_11590","QV15_11590"
"2185","QV15_11595","QV15_11595"
"2186","QV15_11600","QV15_11600"
"2187","QV15_11605","QV15_11605"
"2188","QV15_11610","QV15_11610"
"2189","QV15_11615","QV15_11615"
"2190","QV15_11620","QV15_11620"
"2191","QV15_11625","QV15_11625"
"2192","QV15_11630","QV15_11630"
"2193","QV15_11635","QV15_11635"
"2194","QV15_11640","QV15_11640"
"2195","QV15_11645","QV15_11645"
"2196","QV15_11650","QV15_11650"
"2197","QV15_11655","QV15_11655"
"2198","QV15_11660","QV15_11660"
"2199","QV15_11665","QV15_11665"
"2200","QV15_11670","QV15_11670"
"2201","QV15_11675","QV15_11675"
"2202","QV15_11680","QV15_11680"
"2203","QV15_11685","QV15_11685"
"2204","QV15_11690","QV15_11690"
"2205","QV15_11695","QV15_11695"
"2206","QV15_11700","QV15_11700"
"2207","QV15_11705","QV15_11705"
"2208","QV15_11710","QV15_11710"
"2209","QV15_11715","QV15_11715"
"2210","QV15_11720","QV15_11720"
"2211","QV15_11725","QV15_11725"
"2212","QV15_11730","QV15_11730"
"2213","QV15_11735","QV15_11735"
"2214","QV15_11740","QV15_11740"
"2215","ureA","QV15_11745"
"2216","ureB","QV15_11750"
"2217","QV15_11755","QV15_11755"
"2218","ureE","QV15_11760"
"2219","QV15_11765","QV15_11765"
"2220","QV15_11770","QV15_11770"
"2221","QV15_11775","QV15_11775"
"2222","QV15_11780","QV15_11780"
"2223","QV15_11785","QV15_11785"
"2224","QV15_11790","QV15_11790"
"2225","QV15_11795","QV15_11795"
"2226","QV15_11800","QV15_11800"
"2227","QV15_11805","QV15_11805"
"2228","QV15_11810","QV15_11810"
"2229","QV15_11815","QV15_11815"
"2230","QV15_11820","QV15_11820"
"2231","QV15_11825","QV15_11825"
"2232","QV15_11830","QV15_11830"
"2233","QV15_11835","QV15_11835"
"2234","QV15_11840","QV15_11840"
"2235","QV15_11845","QV15_11845"
"2236","QV15_11850","QV15_11850"
"2237","QV15_11855","QV15_11855"
"2238","QV15_11860","QV15_11860"
"2239","QV15_11865","QV15_11865"
"2240","QV15_11870","QV15_11870"
"2241","QV15_11875","QV15_11875"
"2242","QV15_11880","QV15_11880"
"2243","QV15_11885","QV15_11885"
"2244","QV15_11890","QV15_11890"
"2245","QV15_11895","QV15_11895"
"2246","QV15_11900","QV15_11900"
"2247","QV15_11905","QV15_11905"
"2248","QV15_11910","QV15_11910"
"2249","QV15_11915","QV15_11915"
"2250","QV15_11920","QV15_11920"
"2251","QV15_11925","QV15_11925"
"2252","QV15_11935","QV15_11935"
"2253","QV15_11940","QV15_11940"
"2254","QV15_11945","QV15_11945"
"2255","QV15_11950","QV15_11950"
"2256","QV15_11955","QV15_11955"
"2257","QV15_11960","QV15_11960"
"2258","QV15_11965","QV15_11965"
"2259","QV15_11970","QV15_11970"
"2260","QV15_11975","QV15_11975"
"2261","QV15_11980","QV15_11980"
"2262","QV15_11985","QV15_11985"
"2263","QV15_11990","QV15_11990"
"2264","QV15_11995","QV15_11995"
"2265","QV15_12000","QV15_12000"
"2266","QV15_12005","QV15_12005"
"2267","QV15_12010","QV15_12010"
"2268","QV15_12015","QV15_12015"
"2269","QV15_12020","QV15_12020"
"2270","QV15_12025","QV15_12025"
"2271","QV15_12030","QV15_12030"
"2272","QV15_12035","QV15_12035"
"2273","QV15_12040","QV15_12040"
"2274","QV15_12045","QV15_12045"
"2275","QV15_12050","QV15_12050"
"2276","QV15_12055","QV15_12055"
"2277","QV15_12060","QV15_12060"
"2278","QV15_12065","QV15_12065"
"2279","QV15_12070","QV15_12070"
"2280","QV15_12075","QV15_12075"
"2281","QV15_12080","QV15_12080"
"2282","QV15_12085","QV15_12085"
"2283","QV15_12090","QV15_12090"
"2284","QV15_12095","QV15_12095"
"2285","QV15_12100","QV15_12100"
"2286","QV15_12105","QV15_12105"
"2287","QV15_12110","QV15_12110"
"2288","QV15_12120","QV15_12120"
"2289","QV15_12125","QV15_12125"
"2290","QV15_12130","QV15_12130"
"2291","QV15_12135","QV15_12135"
"2292","QV15_12140","QV15_12140"
"2293","QV15_12145","QV15_12145"
"2294","QV15_12150","QV15_12150"
"2295","QV15_12155","QV15_12155"
"2296","QV15_12160","QV15_12160"
"2297","QV15_12165","QV15_12165"
"2298","QV15_12170","QV15_12170"
"2299","QV15_12175","QV15_12175"
"2300","QV15_12180","QV15_12180"
"2301","QV15_12185","QV15_12185"
"2302","QV15_12190","QV15_12190"
"2303","QV15_12195","QV15_12195"
"2304","QV15_12200","QV15_12200"
"2305","QV15_12205","QV15_12205"
"2306","QV15_12210","QV15_12210"
"2307","QV15_12215","QV15_12215"
"2308","QV15_12220","QV15_12220"
"2309","QV15_12225","QV15_12225"
"2310","QV15_12230","QV15_12230"
"2311","QV15_12235","QV15_12235"
"2312","QV15_12240","QV15_12240"
"2313","QV15_12245","QV15_12245"
"2314","QV15_12250","QV15_12250"
"2315","QV15_12255","QV15_12255"
"2316","QV15_12260","QV15_12260"
"2317","QV15_12270","QV15_12270"
"2318","QV15_12275","QV15_12275"
"2319","QV15_12285","QV15_12285"
"2320","QV15_12290","QV15_12290"
"2321","QV15_12295","QV15_12295"
"2322","QV15_12300","QV15_12300"
"2323","QV15_12305","QV15_12305"
"2324","QV15_12310","QV15_12310"
"2325","QV15_12315","QV15_12315"
"2326","QV15_12325","QV15_12325"
"2327","QV15_12330","QV15_12330"
"2328","QV15_12335","QV15_12335"
"2329","QV15_12340","QV15_12340"
"2330","QV15_12345","QV15_12345"
"2331","narH","QV15_12350"
"2332","narZ","QV15_12355"
"2333","QV15_12360","QV15_12360"
"2334","QV15_12365","QV15_12365"
"2335","QV15_12370","QV15_12370"
"2336","QV15_12375","QV15_12375"
"2337","QV15_12380","QV15_12380"
"2338","QV15_12385","QV15_12385"
"2339","QV15_12390","QV15_12390"
"2340","QV15_12395","QV15_12395"
"2341","QV15_12400","QV15_12400"
"2342","QV15_12405","QV15_12405"
"2343","QV15_12410","QV15_12410"
"2344","QV15_12420","QV15_12420"
"2345","QV15_12425","QV15_12425"
"2346","QV15_12430","QV15_12430"
"2347","QV15_12435","QV15_12435"
"2348","QV15_12440","QV15_12440"
"2349","QV15_12445","QV15_12445"
"2350","QV15_12450","QV15_12450"
"2351","QV15_12455","QV15_12455"
"2352","gpmA","QV15_12460"
"2353","QV15_12465","QV15_12465"
"2354","QV15_12470","QV15_12470"
"2355","QV15_12475","QV15_12475"
"2356","QV15_12480","QV15_12480"
"2357","QV15_12485","QV15_12485"
"2358","QV15_12490","QV15_12490"
"2359","QV15_12495","QV15_12495"
"2360","QV15_12500","QV15_12500"
"2361","QV15_12505","QV15_12505"
"2362","QV15_12510","QV15_12510"
"2363","QV15_12515","QV15_12515"
"2364","QV15_12520","QV15_12520"
"2365","QV15_12525","QV15_12525"
"2366","QV15_12535","QV15_12535"
"2367","QV15_12540","QV15_12540"
"2368","QV15_12545","QV15_12545"
"2369","QV15_12550","QV15_12550"
"2370","QV15_12555","QV15_12555"
"2371","QV15_12560","QV15_12560"
"2372","QV15_12565","QV15_12565"
"2373","QV15_12570","QV15_12570"
"2374","QV15_12575","QV15_12575"
"2375","QV15_12580","QV15_12580"
"2376","QV15_12585","QV15_12585"
"2377","QV15_12590","QV15_12590"
"2378","QV15_12595","QV15_12595"
"2379","QV15_12600","QV15_12600"
"2380","QV15_12605","QV15_12605"
"2381","QV15_12610","QV15_12610"
"2382","QV15_12615","QV15_12615"
"2383","QV15_12620","QV15_12620"
"2384","QV15_12625","QV15_12625"
"2385","QV15_12635","QV15_12635"
"2386","QV15_12640","QV15_12640"
"2387","QV15_12645","QV15_12645"
"2388","QV15_12650","QV15_12650"
"2389","QV15_12655","QV15_12655"
"2390","QV15_12660","QV15_12660"
"2391","QV15_12675","QV15_12675"
"2392","QV15_12680","QV15_12680"
"2393","QV15_12685","QV15_12685"
"2394","QV15_12690","QV15_12690"
"2395","QV15_12695","QV15_12695"
"2396","QV15_12700","QV15_12700"
"2397","QV15_12705","QV15_12705"
"2398","QV15_12710","QV15_12710"
"2399","QV15_12715","QV15_12715"
"2400","QV15_12720","QV15_12720"
"2401","QV15_12725","QV15_12725"
"2402","QV15_12730","QV15_12730"
"2403","QV15_12735","QV15_12735"
"2404","QV15_12740","QV15_12740"
"2405","QV15_12745","QV15_12745"
"2406","QV15_12750","QV15_12750"
"2407","QV15_12755","QV15_12755"
"2408","QV15_12760","QV15_12760"
"2409","QV15_12765","QV15_12765"
"2410","QV15_12770","QV15_12770"
"2411","QV15_12775","QV15_12775"
"2412","QV15_12780","QV15_12780"
"2413","QV15_12785","QV15_12785"
"2414","QV15_12790","QV15_12790"
"2415","QV15_12795","QV15_12795"
"2416","QV15_12805","QV15_12805"
"2417","QV15_12815","QV15_12815"
"2418","QV15_12820","QV15_12820"
"2419","QV15_12825","QV15_12825"
"2420","QV15_12835","QV15_12835"
"2421","QV15_12840","QV15_12840"
"2422","QV15_12845","QV15_12845"
"2423","QV15_12855","QV15_12855"
"2424","QV15_12860","QV15_12860"
"2425","QV15_12865","QV15_12865"
"2426","QV15_12870","QV15_12870"
"2427","QV15_12875","QV15_12875"
"2428","QV15_12880","QV15_12880"
"2429","QV15_12885","QV15_12885"
"2430","QV15_12890","QV15_12890"
"2431","QV15_12900","QV15_12900"
"2432","QV15_12905","QV15_12905"
"2433","QV15_12910","QV15_12910"
"2434","QV15_12915","QV15_12915"
"2435","QV15_12920","QV15_12920"
"2436","QV15_12925","QV15_12925"
"2437","QV15_12930","QV15_12930"
"2438","QV15_12935","QV15_12935"
"2439","QV15_12940","QV15_12940"
"2440","QV15_12945","QV15_12945"
"2441","QV15_12950","QV15_12950"
"2442","QV15_12955","QV15_12955"
"2443","QV15_12960","QV15_12960"
"2444","QV15_12965","QV15_12965"
"2445","QV15_12970","QV15_12970"
"2446","QV15_12975","QV15_12975"
"2447","QV15_12980","QV15_12980"
"2448","QV15_12985","QV15_12985"
"2449","QV15_12990","QV15_12990"
"2450","QV15_12995","QV15_12995"
"2451","QV15_13000","QV15_13000"
"2452","QV15_13005","QV15_13005"
"2453","QV15_13010","QV15_13010"
"2454","QV15_13015","QV15_13015"
"2455","QV15_13020","QV15_13020"
"2456","QV15_13025","QV15_13025"
"2457","QV15_13030","QV15_13030"
"2458","QV15_13035","QV15_13035"
"2459","QV15_13040","QV15_13040"
"2460","QV15_13045","QV15_13045"
"2461","QV15_13050","QV15_13050"
"2462","QV15_13055","QV15_13055"
"2463","QV15_13060","QV15_13060"
"2464","QV15_13065","QV15_13065"
"2465","QV15_13070","QV15_13070"
"2466","QV15_13075","QV15_13075"
"2467","QV15_13080","QV15_13080"
"2468","QV15_13085","QV15_13085"
"2469","QV15_13090","QV15_13090"
"2470","QV15_13095","QV15_13095"
"2471","QV15_13100","QV15_13100"
"2472","QV15_13105","QV15_13105"
"2473","QV15_13110","QV15_13110"
"2474","QV15_13115","QV15_13115"
"2475","QV15_13120","QV15_13120"
"2476","QV15_13125","QV15_13125"
"2477","QV15_13130","QV15_13130"
"2478","QV15_13135","QV15_13135"
"2479","QV15_13140","QV15_13140"
"2480","QV15_13145","QV15_13145"
"2481","QV15_13150","QV15_13150"
"2482","QV15_13155","QV15_13155"
"2483","QV15_13160","QV15_13160"
"2484","QV15_13165","QV15_13165"
"2485","QV15_13170","QV15_13170"
"2486","QV15_13175","QV15_13175"
"2487","QV15_13185","QV15_13185"
"2488","QV15_13190","QV15_13190"
"2489","QV15_13195","QV15_13195"
"2490","QV15_13200","QV15_13200"
"2491","QV15_13205","QV15_13205"
"2492","QV15_13210","QV15_13210"
"2493","QV15_13215","QV15_13215"
"2494","QV15_13220","QV15_13220"
"2495","QV15_13225","QV15_13225"
"2496","QV15_13230","QV15_13230"
"2497","QV15_13235","QV15_13235"
"2498","QV15_13240","QV15_13240"
"2499","QV15_13245","QV15_13245"
"2500","QV15_13250","QV15_13250"
"2501","QV15_13255","QV15_13255"
"2502","QV15_13260","QV15_13260"
"2503","QV15_13265","QV15_13265"
"2504","QV15_13270","QV15_13270"
"2505","QV15_13275","QV15_13275"
"2506","QV15_13280","QV15_13280"
"2507","QV15_13285","QV15_13285"
"2508","QV15_13290","QV15_13290"
"2509","QV15_13295","QV15_13295"
"2510","QV15_13300","QV15_13300"
"2511","QV15_13305","QV15_13305"
"2512","QV15_13310","QV15_13310"
"2513","QV15_13315","QV15_13315"
"2514","QV15_13320","QV15_13320"
"2515","QV15_13325","QV15_13325"
"2516","QV15_13330","QV15_13330"
"2517","QV15_13335","QV15_13335"
"2518","QV15_13340","QV15_13340"
"2519","QV15_13345","QV15_13345"
"2520","QV15_13350","QV15_13350"
"2521","QV15_13355","QV15_13355"
"2522","QV15_13360","QV15_13360"
"2523","QV15_13365","QV15_13365"
"2524","QV15_13370","QV15_13370"
"2525","QV15_13380","QV15_13380"
"2526","QV15_13385","QV15_13385"
"2527","QV15_13390","QV15_13390"
"2528","QV15_13395","QV15_13395"
"2529","QV15_13400","QV15_13400"
"2530","QV15_13405","QV15_13405"
"2531","QV15_13410","QV15_13410"
"2532","QV15_13415","QV15_13415"
"2533","QV15_13420","QV15_13420"
"2534","QV15_13425","QV15_13425"
"2535","QV15_13430","QV15_13430"
"2536","QV15_13435","QV15_13435"
"2537","QV15_13440","QV15_13440"
"2538","QV15_13445","QV15_13445"
"2539","QV15_13450","QV15_13450"
"2540","QV15_13455","QV15_13455"
"2541","QV15_13460","QV15_13460"
"2542","QV15_13465","QV15_13465"
"2543","QV15_13470","QV15_13470"
"2544","QV15_13475","QV15_13475"
"2545","QV15_13480","QV15_13480"
"2546","QV15_13485","QV15_13485"
"2547","QV15_13490","QV15_13490"
"2548","QV15_13500","QV15_13500"
"2549","QV15_13505","QV15_13505"
"2550","QV15_13510","QV15_13510"
"2551","QV15_13515","QV15_13515"
"2552","QV15_13520","QV15_13520"
"2553","QV15_13525","QV15_13525"
"2554","QV15_13530","QV15_13530"
"2555","QV15_13535","QV15_13535"
"2556","QV15_13540","QV15_13540"
"2557","QV15_13545","QV15_13545"
"2558","QV15_13550","QV15_13550"
"2559","QV15_13555","QV15_13555"
"2560","QV15_13560","QV15_13560"
"2561","nsaS","QV15_13565"
"2562","QV15_13570","QV15_13570"
"2563","QV15_13575","QV15_13575"
"2564","QV15_13580","QV15_13580"
"2565","QV15_13585","QV15_13585"
"2566","QV15_13590","QV15_13590"
"2567","QV15_13595","QV15_13595"
"2568","QV15_13600","QV15_13600"
"2569","QV15_13605","QV15_13605"
"2570","QV15_13610","QV15_13610"
"2571","QV15_13615","QV15_13615"
"2572","QV15_13620","QV15_13620"
"2573","QV15_13625","QV15_13625"
"2574","QV15_13630","QV15_13630"
"2575","QV15_13635","QV15_13635"
"2576","QV15_13640","QV15_13640"
"2577","QV15_13645","QV15_13645"
"2578","QV15_13650","QV15_13650"
"2579","QV15_13655","QV15_13655"
"2580","QV15_13660","QV15_13660"
"2581","QV15_13665","QV15_13665"
"2582","QV15_13670","QV15_13670"
"2583","QV15_13675","QV15_13675"
"2584","QV15_13680","QV15_13680"
"2585","QV15_13685","QV15_13685"
"2586","QV15_13690","QV15_13690"
"2587","QV15_13695","QV15_13695"
"2588","QV15_13700","QV15_13700"
"2589","QV15_13705","QV15_13705"
"2590","QV15_13710","QV15_13710"
"2591","QV15_13715","QV15_13715"
"2592","secY","QV15_13720"
"2593","QV15_13725","QV15_13725"
"2594","QV15_13730","QV15_13730"
"2595","QV15_13735","QV15_13735"
"2596","QV15_13740","QV15_13740"
"2597","QV15_13745","QV15_13745"
"2598","QV15_13750","QV15_13750"
"2599","QV15_13755","QV15_13755"
"2600","QV15_13760","QV15_13760"
"2601","QV15_13765","QV15_13765"
"2602","QV15_13770","QV15_13770"
"2603","QV15_13775","QV15_13775"
"2604","QV15_13780","QV15_13780"
"2605","QV15_13785","QV15_13785"
"2606","QV15_13790","QV15_13790"
"2607","QV15_13795","QV15_13795"
"2608","QV15_13800","QV15_13800"
"2609","QV15_13805","QV15_13805"
"2610","QV15_13810","QV15_13810"
"2611","QV15_13820","QV15_13820"
"2612","QV15_13825","QV15_13825"
"2613","QV15_13830","QV15_13830"
"2614","hisH","QV15_13835"
"2615","QV15_13840","QV15_13840"
"2616","QV15_13845","QV15_13845"
"2617","QV15_13850","QV15_13850"
"2618","hisG","QV15_13855"
"2619","hisZ","QV15_13860"
"2620","QV15_13865","QV15_13865"
"2621","QV15_13870","QV15_13870"
"2622","QV15_13875","QV15_13875"
"2623","QV15_13880","QV15_13880"
"2624","QV15_13885","QV15_13885"
"2625","QV15_13890","QV15_13890"
"2626","QV15_13895","QV15_13895"
"2627","QV15_13900","QV15_13900"
"2628","QV15_13905","QV15_13905"
"2629","QV15_13910","QV15_13910"
"2630","QV15_13915","QV15_13915"
"2631","QV15_13920","QV15_13920"
"2632","QV15_13925","QV15_13925"
"2633","QV15_13930","QV15_13930"
"2634","QV15_13935","QV15_13935"
"2635","QV15_13940","QV15_13940"
"2636","QV15_13945","QV15_13945"
"2637","QV15_13950","QV15_13950"
"2638","QV15_13955","QV15_13955"
"2639","QV15_13960","QV15_13960"
"2640","QV15_13965","QV15_13965"
"2641","QV15_13975","QV15_13975"
"2642","QV15_13980","QV15_13980"
"2643","QV15_13985","QV15_13985"
"2644","QV15_13990","QV15_13990"
"2645","QV15_13995","QV15_13995"
"2646","QV15_14000","QV15_14000"
"2647","QV15_14005","QV15_14005"
"2648","QV15_14015","QV15_14015"
"2649","QV15_14020","QV15_14020"
"2650","QV15_14025","QV15_14025"
"2651","QV15_14030","QV15_14030"
"2652","rnpA","QV15_14035"
"2653","QV15_14040","QV15_14040"
